reel_id,reel_url,source_profile,date_added,status,remaining_order,video_name,batch_number,scheduled_date,youtube_video_id
2701114946907530,https://www.facebook.com/reel/2701114946907530/,https://www.facebook.com/linguoermechanic/reels/,2026-07-27,failed,3,,,,
1382521422861861,https://www.facebook.com/reel/1382521422861861/,https://www.facebook.com/linguoermechanic/reels/,2026-07-27,failed,4,,,,
1648703535878455,https://www.facebook.com/reel/1648703535878455/,https://www.facebook.com/linguoermechanic/reels/,2026-07-27,uploaded,10,Pure Talent 1,1,2026-07-27,UsoPlrW1Jow
1226060082448011,https://www.facebook.com/reel/1226060082448011/,https://www.facebook.com/linguoermechanic/reels/,2026-07-27,uploaded,11,Pure Talent 2,1,2026-07-28,XTnnG47pTNA
1590877418245119,https://www.facebook.com/reel/1590877418245119/,https://www.facebook.com/linguoermechanic/reels/,2026-07-27,uploaded,12,Pure Talent 3,1,2026-07-29,Wizjw8-1hu0
2014195689147787,https://www.facebook.com/reel/2014195689147787/,https://www.facebook.com/linguoermechanic/reels/,2026-07-27,uploaded,13,Pure Talent 4,1,2026-07-30,
1837436406889695,https://www.facebook.com/reel/1837436406889695/,https://www.facebook.com/linguoermechanic/reels/,2026-07-27,uploaded,14,Pure Talent 5,1,2026-07-31,F47JE5g_LCM
518168510877030,https://www.facebook.com/reel/518168510877030/,https://www.facebook.com/linguoermechanic/reels/,2026-07-27,uploaded,15,Pure Talent 6,1,2026-08-01,ZR_QTpR57_4
1296016922670813,https://www.facebook.com/reel/1296016922670813/,https://www.facebook.com/profile.php?id=61585812725679&sk=reels_tab,2026-07-27,uploaded,16,Pure Talent 7,1,2026-08-02,xzzfPJySwRA
3932031580435781,https://www.facebook.com/reel/3932031580435781/,https://www.facebook.com/profile.php?id=61585812725679&sk=reels_tab,2026-07-27,uploaded,17,Pure Talent 8,1,2026-08-03,JVAfrijGaYc
1901899963804481,https://www.facebook.com/reel/1901899963804481/,https://www.facebook.com/linguoermechanic/reels/,2026-07-27,uploaded,18,Pure Talent 9,1,2026-08-04,A2sT1poYP2c
2048754778657577,https://www.facebook.com/reel/2048754778657577/,https://www.facebook.com/linguoermechanic/reels/,2026-07-27,uploaded,19,Pure Talent 10,1,2026-08-05,RK-wSgQLhwI
2071414790439214,https://www.facebook.com/reel/2071414790439214/,https://www.facebook.com/linguoermechanic/reels/,2026-07-27,uploaded,20,Pure Talent 11,1,2026-08-06,DcYKfEshBC8
772560529254416,https://www.facebook.com/reel/772560529254416/,https://www.facebook.com/profile.php?id=61585812725679&sk=reels_tab,2026-07-27,uploaded,21,Pure Talent 12,1,2026-08-07,f6jBO_fjD4w
749748901095057,https://www.facebook.com/reel/749748901095057/,https://www.facebook.com/linguoermechanic/reels/,2026-07-27,uploaded,22,Pure Talent 13,1,2026-08-08,R_AXZhhpM8k
723753513893956,https://www.facebook.com/reel/723753513893956/,https://www.facebook.com/linguoermechanic/reels/,2026-07-27,uploaded,23,Pure Talent 14,1,2026-08-09,BW-VveWPTfc
2873898406332145,https://www.facebook.com/reel/2873898406332145/,https://www.facebook.com/linguoermechanic/reels/,2026-07-27,uploaded,24,Pure Talent 15,1,2026-08-10,-kbplQrdgs4
681102340696993,https://www.facebook.com/reel/681102340696993/,https://www.facebook.com/linguoermechanic/reels/,2026-07-27,uploaded,25,Pure Talent 16,1,2026-08-11,
1370070261390470,https://www.facebook.com/reel/1370070261390470/,https://www.facebook.com/linguoermechanic/reels/,2026-07-27,uploaded,26,Pure Talent 17,1,2026-08-12,LWTnTn9myfY
30909375408708710,https://www.facebook.com/reel/30909375408708710/,https://www.facebook.com/linguoermechanic/reels/,2026-07-27,uploaded,27,Pure Talent 18,1,2026-08-13,U5wcmTYhIy4
2393731431013223,https://www.facebook.com/reel/2393731431013223/,https://www.facebook.com/linguoermechanic/reels/,2026-07-27,uploaded,28,Pure Talent 19,1,2026-08-14,I5ZoLJiis0A
2157103125054744,https://www.facebook.com/reel/2157103125054744/,https://www.facebook.com/profile.php?id=61585812725679&sk=reels_tab,2026-07-27,uploaded,29,Pure Talent 20,1,2026-08-15,owM2FbjRXrc
2271995513256687,https://www.facebook.com/reel/2271995513256687/,https://www.facebook.com/linguoermechanic/reels/,2026-07-27,uploaded,30,Pure Talent 21,1,2026-08-16,sJmZBp_GvYc
3285547924947904,https://www.facebook.com/reel/3285547924947904/,https://www.facebook.com/profile.php?id=61585812725679&sk=reels_tab,2026-07-27,uploaded,31,Pure Talent 22,1,2026-08-17,wC9Tkao6sGQ
448390941023487,https://www.facebook.com/reel/448390941023487/,https://www.facebook.com/linguoermechanic/reels/,2026-07-27,uploaded,32,Pure Talent 23,1,2026-08-18,CPVvcaOs0XM
1475330963669341,https://www.facebook.com/reel/1475330963669341/,https://www.facebook.com/linguoermechanic/reels/,2026-07-27,uploaded,33,Pure Talent 24,1,2026-08-19,
1485271470009927,https://www.facebook.com/reel/1485271470009927/,https://www.facebook.com/profile.php?id=61585812725679&sk=reels_tab,2026-07-27,uploaded,34,Pure Talent 25,1,2026-08-20,ZcIblgGy09Q
1548811290370773,https://www.facebook.com/reel/1548811290370773/,https://www.facebook.com/linguoermechanic/reels/,2026-07-27,uploaded,35,Pure Talent 26,1,2026-08-21,A1hHXTiTY0I
1606703127065550,https://www.facebook.com/reel/1606703127065550/,https://www.facebook.com/profile.php?id=61585812725679&sk=reels_tab,2026-07-27,uploaded,36,Pure Talent 27,1,2026-08-22,FMsHUBqP4iI
955198448854775,https://www.facebook.com/reel/955198448854775/,https://www.facebook.com/linguoermechanic/reels/,2026-07-27,uploaded,37,Pure Talent 37,2,2026-07-28,
702481135914033,https://www.facebook.com/reel/702481135914033/,https://www.facebook.com/linguoermechanic/reels/,2026-07-27,uploaded,38,Pure Talent 38,2,2026-07-29,eKyXhi6eMy0
1669104926925298,https://www.facebook.com/reel/1669104926925298/,https://www.facebook.com/linguoermechanic/reels/,2026-07-27,uploaded,39,Pure Talent 28,1,2026-08-23,0VCik9Z2xXw
958179689151116,https://www.facebook.com/reel/958179689151116/,https://www.facebook.com/linguoermechanic/reels/,2026-07-27,uploaded,40,Pure Talent 29,1,2026-08-24,
2144487016096609,https://www.facebook.com/reel/2144487016096609/,https://www.facebook.com/profile.php?id=61585812725679&sk=reels_tab,2026-07-27,uploaded,41,Pure Talent 30,1,2026-08-25,3A4UG3A7iqQ
1018693196701385,https://www.facebook.com/reel/1018693196701385/,https://www.facebook.com/linguoermechanic/reels/,2026-07-27,uploaded,42,Pure Talent 31,1,2026-08-26,T2LGxbuAxbQ
233152872542234,https://www.facebook.com/reel/233152872542234/,https://www.facebook.com/linguoermechanic/reels/,2026-07-27,uploaded,43,Pure Talent 32,1,2026-08-27,FQhLv6bXUKY
1744341386128600,https://www.facebook.com/reel/1744341386128600/,https://www.facebook.com/linguoermechanic/reels/,2026-07-27,uploaded,44,Pure Talent 33,1,2026-08-28,6-hZ0wN7ZVI
821168317280431,https://www.facebook.com/reel/821168317280431/,https://www.facebook.com/profile.php?id=61585812725679&sk=reels_tab,2026-07-27,uploaded,45,Pure Talent 34,1,2026-08-29,oJOl-EbP0ZM
421410403256576,https://www.facebook.com/reel/421410403256576/,https://www.facebook.com/linguoermechanic/reels/,2026-07-27,uploaded,46,Pure Talent 35,1,2026-08-30,
1757436532087068,https://www.facebook.com/reel/1757436532087068/,https://www.facebook.com/profile.php?id=61585812725679&sk=reels_tab,2026-07-27,uploaded,47,Pure Talent 36,1,2026-08-31,90Henff8uZ8
1954078515412317,https://www.facebook.com/reel/1954078515412317/,https://www.facebook.com/linguoermechanic/reels/,2026-07-27,uploaded,48,Pure Talent 39,2,2026-07-30,f0AZhPY5lpo
1098577437923714,https://www.facebook.com/reel/1098577437923714/,https://www.facebook.com/linguoermechanic/reels/,2026-07-27,uploaded,49,Pure Talent 40,2,2026-07-31,Bv-uo4UHVlE
1545194867240909,https://www.facebook.com/reel/1545194867240909/,https://www.facebook.com/profile.php?id=61585812725679&sk=reels_tab,2026-07-27,uploaded,50,Pure Talent 41,2,2026-08-01,r0P4YhAKeaQ
1338017170263437,https://www.facebook.com/reel/1338017170263437/,https://www.facebook.com/linguoermechanic/reels/,2026-07-27,uploaded,51,Pure Talent 42,2,2026-08-02,SuLN0GP4vYA
1590062739121035,https://www.facebook.com/reel/1590062739121035/,https://www.facebook.com/profile.php?id=61585812725679&sk=reels_tab,2026-07-27,uploaded,52,Pure Talent 43,2,2026-08-03,Ucmydf7B1n0
3921651658088950,https://www.facebook.com/reel/3921651658088950/,https://www.facebook.com/linguoermechanic/reels/,2026-07-27,uploaded,53,Pure Talent 44,2,2026-08-04,KjcxFVFisJI
628185525938962,https://www.facebook.com/reel/628185525938962/,https://www.facebook.com/linguoermechanic/reels/,2026-07-27,uploaded,54,Pure Talent 45,2,2026-08-05,
882659856370323,https://www.facebook.com/reel/882659856370323/,https://www.facebook.com/linguoermechanic/reels/,2026-07-27,uploaded,55,Pure Talent 46,2,2026-08-06,YhH3R08xAro
950503924329303,https://www.facebook.com/reel/950503924329303/,https://www.facebook.com/profile.php?id=61585812725679&sk=reels_tab,2026-07-27,uploaded,56,Pure Talent 47,2,2026-08-07,S29f6cISvIU
1014952674391519,https://www.facebook.com/reel/1014952674391519/,https://www.facebook.com/profile.php?id=61585812725679&sk=reels_tab,2026-07-27,uploaded,57,Pure Talent 48,2,2026-08-08,f-m6LTbsr5o
925865913121091,https://www.facebook.com/reel/925865913121091/,https://www.facebook.com/profile.php?id=61585812725679&sk=reels_tab,2026-07-27,uploaded,58,Pure Talent 49,2,2026-08-09,37LpohvEfzA
877271746982748,https://www.facebook.com/reel/877271746982748/,https://www.facebook.com/linguoermechanic/reels/,2026-07-27,uploaded,59,Pure Talent 50,2,2026-08-10,yZtYwN32lyA
1676256753821989,https://www.facebook.com/reel/1676256753821989/,https://www.facebook.com/profile.php?id=61585812725679&sk=reels_tab,2026-07-27,uploaded,60,Pure Talent 51,2,2026-08-11,m1Ybt4EcRIw
1568072938259434,https://www.facebook.com/reel/1568072938259434/,https://www.facebook.com/profile.php?id=61585812725679&sk=reels_tab,2026-07-27,uploaded,61,Pure Talent 52,2,2026-08-12,4xLSV6kwSfw
937006158160920,https://www.facebook.com/reel/937006158160920/,https://www.facebook.com/linguoermechanic/reels/,2026-07-27,uploaded,62,Pure Talent 53,2,2026-08-13,-e9MArLXpJc
3278383419063671,https://www.facebook.com/reel/3278383419063671/,https://www.facebook.com/linguoermechanic/reels/,2026-07-27,uploaded,63,Pure Talent 54,2,2026-08-14,
903414649187961,https://www.facebook.com/reel/903414649187961/,https://www.facebook.com/profile.php?id=61585812725679&sk=reels_tab,2026-07-27,uploaded,64,Pure Talent 55,2,2026-08-15,NpUgWe2kzlU
1650760069506077,https://www.facebook.com/reel/1650760069506077/,https://www.facebook.com/profile.php?id=61585812725679&sk=reels_tab,2026-07-27,uploaded,65,Pure Talent 56,2,2026-08-16,C3rVqsXteWg
778392370835299,https://www.facebook.com/reel/778392370835299/,https://www.facebook.com/linguoermechanic/reels/,2026-07-27,uploaded,66,Pure Talent 57,2,2026-08-17,GDEyPVvtwNw
584757001224011,https://www.facebook.com/reel/584757001224011/,https://www.facebook.com/linguoermechanic/reels/,2026-07-27,uploaded,67,Pure Talent 58,2,2026-08-18,CPcJVBvHVUQ
791141216066099,https://www.facebook.com/reel/791141216066099/,https://www.facebook.com/linguoermechanic/reels/,2026-07-27,uploaded,68,Pure Talent 59,2,2026-08-19,AxxJzqdVwlo
1930338867860539,https://www.facebook.com/reel/1930338867860539/,https://www.facebook.com/profile.php?id=61585812725679&sk=reels_tab,2026-07-27,uploaded,69,Pure Talent 60,2,2026-08-20,S5KOWmM_zMg
2078679266219780,https://www.facebook.com/reel/2078679266219780/,https://www.facebook.com/profile.php?id=61585812725679&sk=reels_tab,2026-07-27,uploaded,71,Pure Talent 61,3,2026-08-22,qO9RSUXh5Bk
839536005709256,https://www.facebook.com/reel/839536005709256/,https://www.facebook.com/linguoermechanic/reels/,2026-07-27,uploaded,0,Pure Talent 62,4,2026-08-10T10:00:00,fWbrpHBYJ4A
1928030411268493,https://www.facebook.com/reel/1928030411268493/,https://www.facebook.com/linguoermechanic/reels/,2026-07-27,uploaded,1,Pure Talent 63,4,2026-08-10T15:00:00,emt9-Fcu6Us
1023984483285504,https://www.facebook.com/reel/1023984483285504/,https://www.facebook.com/profile.php?id=61585812725679&sk=reels_tab,2026-07-27,uploaded,2,Pure Talent 64,4,2026-08-10T20:00:00,FlLLFZgQjvQ
759368672075928,https://www.facebook.com/reel/759368672075928/,https://www.facebook.com/linguoermechanic/reels/,2026-07-27,uploaded,3,Pure Talent 65,4,2026-08-11T01:00:00,zuR2Y8TkON0
1086445483376688,https://www.facebook.com/reel/1086445483376688/,https://www.facebook.com/linguoermechanic/reels/,2026-07-27,uploaded,4,Pure Talent 66,4,2026-08-11T06:00:00,bVRbc31wGDo
846779235153185,https://www.facebook.com/reel/846779235153185/,https://www.facebook.com/linguoermechanic/reels/,2026-07-27,uploaded,5,Pure Talent 67,5,2026-08-11T11:00:00,pJwRx3dSuxg
1353538786738827,https://www.facebook.com/reel/1353538786738827/,https://www.facebook.com/profile.php?id=61585812725679&sk=reels_tab,2026-07-27,uploaded,6,Pure Talent 68,5,2026-08-11T16:00:00,W_5uMkLOsDU
1250136026235985,https://www.facebook.com/reel/1250136026235985/,https://www.facebook.com/linguoermechanic/reels/,2026-07-27,uploaded,7,Pure Talent 69,5,2026-08-11T21:00:00,0C_r7GYDN0I
1246359633362681,https://www.facebook.com/reel/1246359633362681/,https://www.facebook.com/linguoermechanic/reels/,2026-07-27,uploaded,8,Pure Talent 70,5,2026-08-12T02:00:00,cj_6FXRCl2s
1040651801846901,https://www.facebook.com/reel/1040651801846901/,https://www.facebook.com/profile.php?id=61585812725679&sk=reels_tab,2026-07-27,uploaded,9,Pure Talent 71,5,2026-08-12T07:00:00,9OLXgy3TwDw
1222415552539105,https://www.facebook.com/reel/1222415552539105/,https://www.facebook.com/linguoermechanic/reels/,2026-07-27,uploaded,10,Pure Talent 72,5,2026-08-12T12:00:00,YP6NjIbbWnU
3106868492790798,https://www.facebook.com/reel/3106868492790798/,https://www.facebook.com/linguoermechanic/reels/,2026-07-27,uploaded,11,Pure Talent 73,6,2026-08-12T17:00:00,YnDgIb7VIF4
420497163784111,https://www.facebook.com/reel/420497163784111/,https://web.facebook.com/TheFabrikRestoration/reels/,2026-08-08,uploaded,12,Pure Talent 74,6,2026-08-12T22:00:00,hfwDNXJJQE0
725931820213860,https://www.facebook.com/reel/725931820213860/,https://www.facebook.com/profile.php?id=61585812725679&sk=reels_tab,2026-07-27,uploaded,13,Pure Talent 75,7,2026-08-12T22:00:00,UJNW6u_1QOE
1483312579310366,https://www.facebook.com/reel/1483312579310366/,https://www.facebook.com/linguoermechanic/reels/,2026-07-27,uploaded,14,Pure Talent 77,8,2026-08-13T08:00:00,gaSvlSCxbfE
733636579150796,https://www.facebook.com/reel/733636579150796/,https://www.facebook.com/linguoermechanic/reels/,2026-07-27,uploaded,15,Pure Talent 76,7,2026-08-13T03:00:00,bCNOs_sf3EE
1169556273636610,https://www.facebook.com/reel/1169556273636610/,https://www.facebook.com/linguoermechanic/reels/,2026-07-27,uploaded,16,Pure Talent 93,9,2026-08-16T16:00:00,iqgt2daJn1k
1937839007073568,https://www.facebook.com/reel/1937839007073568/,https://www.facebook.com/linguoermechanic/reels/,2026-07-27,uploaded,17,Pure Talent 78,8,2026-08-13T13:00:00,-JtxnT7Couk
1703233484267673,https://www.facebook.com/reel/1703233484267673/,https://www.facebook.com/profile.php?id=61585812725679&sk=reels_tab,2026-07-27,uploaded,18,Pure Talent 79,8,2026-08-13T18:00:00,LPUW4NchH-k
1847359685899413,https://www.facebook.com/reel/1847359685899413/,https://www.facebook.com/linguoermechanic/reels/,2026-07-27,uploaded,19,Pure Talent 80,8,2026-08-13T23:00:00,IrHbEbNQi7g
1542551174028511,https://www.facebook.com/reel/1542551174028511/,https://www.facebook.com/profile.php?id=61585812725679&sk=reels_tab,2026-07-27,uploaded,20,Pure Talent 81,8,2026-08-14T04:00:00,fc5R5iFZamg
1239319503690523,https://www.facebook.com/reel/1239319503690523/,https://web.facebook.com/TheFabrikRestoration/reels/,2026-08-08,uploaded,21,Pure Talent 82,8,2026-08-14T09:00:00,-COqx9ezfYc
1170770191709225,https://www.facebook.com/reel/1170770191709225/,https://www.facebook.com/profile.php?id=61585812725679&sk=reels_tab,2026-07-27,uploaded,22,Pure Talent 83,8,2026-08-14T14:00:00,d_NSGMiL38c
4068751276731267,https://www.facebook.com/reel/4068751276731267/,https://www.facebook.com/linguoermechanic/reels/,2026-07-27,uploaded,23,Pure Talent 94,9,2026-08-16T21:00:00,HFqZ0WgnYEs
662619673379960,https://www.facebook.com/reel/662619673379960/,https://www.facebook.com/linguoermechanic/reels/,2026-07-27,uploaded,24,Pure Talent 84,8,2026-08-14T19:00:00,pYKSTdH9_yY
508725295296582,https://www.facebook.com/reel/508725295296582/,https://www.facebook.com/linguoermechanic/reels/,2026-07-27,uploaded,25,Pure Talent 85,8,2026-08-15T00:00:00,6r4N_Sizndc
815890777107282,https://www.facebook.com/reel/815890777107282/,https://web.facebook.com/TheFabrikRestoration/reels/,2026-08-08,uploaded,26,Pure Talent 86,8,2026-08-15T05:00:00,UjnG28SXfHk
1294420562895150,https://www.facebook.com/reel/1294420562895150/,https://www.facebook.com/profile.php?id=61585812725679&sk=reels_tab,2026-07-27,uploaded,27,Pure Talent 87,8,2026-08-15T10:00:00,9njmAQ9NvkQ
25343081495363839,https://www.facebook.com/reel/25343081495363839/,https://www.facebook.com/profile.php?id=61585812725679&sk=reels_tab,2026-07-27,uploaded,28,Pure Talent 88,8,2026-08-15T15:00:00,zVHVNhoUoJM
1701875687270891,https://www.facebook.com/reel/1701875687270891/,https://www.facebook.com/linguoermechanic/reels/,2026-07-27,uploaded,29,Pure Talent 89,8,2026-08-15T20:00:00,0LA0Q-r5x88
1635929984551678,https://www.facebook.com/reel/1635929984551678/,https://www.facebook.com/profile.php?id=61585812725679&sk=reels_tab,2026-07-27,uploaded,30,Pure Talent 90,8,2026-08-16T01:00:00,-qTrGrILRV4
1223615968775709,https://www.facebook.com/reel/1223615968775709/,https://www.facebook.com/linguoermechanic/reels/,2026-07-27,uploaded,31,Pure Talent 91,8,2026-08-16T06:00:00,2lqJIsrvd50
2273618109764710,https://www.facebook.com/reel/2273618109764710/,https://web.facebook.com/TheFabrikRestoration/reels/,2026-08-08,uploaded,32,Pure Talent 111,11,2026-08-20T10:00:00,CuSJ_pKX7f4
281277941406176,https://www.facebook.com/reel/281277941406176/,https://www.facebook.com/linguoermechanic/reels/,2026-07-27,uploaded,33,Pure Talent 95,10,2026-08-17T02:00:00,HPsoxOleedo
772209804322630,https://www.facebook.com/reel/772209804322630/,https://www.facebook.com/linguoermechanic/reels/,2026-07-27,uploaded,34,Pure Talent 92,8,2026-08-16T11:00:00,S71u5W6U900
608518242178266,https://www.facebook.com/reel/608518242178266/,https://www.facebook.com/linguoermechanic/reels/,2026-07-27,deleted,35,Pure Talent 112,11,2026-08-20T15:00:00,kq1FiwbVgX8
956503503826839,https://www.facebook.com/reel/956503503826839/,https://www.facebook.com/linguoermechanic/reels/,2026-07-27,uploaded,36,Pure Talent 96,10,2026-08-17T07:00:00,KuqQhKMUDkw
990878743757673,https://www.facebook.com/reel/990878743757673/,https://www.facebook.com/profile.php?id=61585812725679&sk=reels_tab,2026-07-27,uploaded,37,Pure Talent 97,10,2026-08-17T12:00:00,HGfogJG9VPk
890485259410887,https://www.facebook.com/reel/890485259410887/,https://www.facebook.com/linguoermechanic/reels/,2026-07-27,uploaded,38,Pure Talent 98,10,2026-08-17T17:00:00,DvnzyLGp8tk
786818319101249,https://www.facebook.com/reel/786818319101249/,https://www.facebook.com/linguoermechanic/reels/,2026-07-27,uploaded,39,Pure Talent 99,10,2026-08-17T22:00:00,F2NsI5gDsMM
1990165344955652,https://www.facebook.com/reel/1990165344955652/,https://www.facebook.com/linguoermechanic/reels/,2026-07-27,uploaded,40,Pure Talent 113,11,2026-08-20T20:00:00,G9BPw9lHmhk
2072262610372156,https://www.facebook.com/reel/2072262610372156/,https://www.facebook.com/profile.php?id=61585812725679&sk=reels_tab,2026-07-27,uploaded,41,Pure Talent 100,10,2026-08-18T03:00:00,L-zga05ykVw
398602223317309,https://www.facebook.com/reel/398602223317309/,https://web.facebook.com/TheFabrikRestoration/reels/,2026-08-08,uploaded,42,Pure Talent 101,10,2026-08-18T08:00:00,nZqZHFbAkK8
1155848322739253,https://www.facebook.com/reel/1155848322739253/,https://www.facebook.com/linguoermechanic/reels/,2026-07-27,uploaded,43,Pure Talent 102,10,2026-08-18T13:00:00,0tnTuvI__a8
584735177799383,https://www.facebook.com/reel/584735177799383/,https://www.facebook.com/linguoermechanic/reels/,2026-07-27,uploaded,44,Pure Talent 103,10,2026-08-18T18:00:00,ZR8Mr6X1XSg
4054139564719356,https://www.facebook.com/reel/4054139564719356/,https://www.facebook.com/profile.php?id=61585812725679&sk=reels_tab,2026-07-27,uploaded,45,Pure Talent 104,10,2026-08-18T23:00:00,qmal_8uea0Q
2023315925285083,https://www.facebook.com/reel/2023315925285083/,https://www.facebook.com/linguoermechanic/reels/,2026-07-27,uploaded,46,Pure Talent 105,10,2026-08-19T04:00:00,huux0d18qL4
4345900805621906,https://www.facebook.com/reel/4345900805621906/,https://www.facebook.com/linguoermechanic/reels/,2026-07-27,uploaded,47,Pure Talent 106,10,2026-08-19T09:00:00,bv7fIixqeOw
566736408618957,https://www.facebook.com/reel/566736408618957/,https://www.facebook.com/linguoermechanic/reels/,2026-07-27,uploaded,48,Pure Talent 114,11,2026-08-21T01:00:00,GSepn2pCpKs
1000002202614884,https://www.facebook.com/reel/1000002202614884/,https://www.facebook.com/profile.php?id=61585812725679&sk=reels_tab,2026-07-27,uploaded,49,Pure Talent 107,10,2026-08-19T14:00:00,Z7SyAqh-eqA
6935281779820360,https://www.facebook.com/reel/6935281779820360/,https://web.facebook.com/TheFabrikRestoration/reels/,2026-08-08,uploaded,50,Pure Talent 108,10,2026-08-19T19:00:00,oA_fRRZPtn0
1206766377958402,https://www.facebook.com/reel/1206766377958402/,https://www.facebook.com/linguoermechanic/reels/,2026-07-27,uploaded,51,Pure Talent 115,11,2026-08-21T06:00:00,-KlaBdxEpRA
1544170857406341,https://www.facebook.com/reel/1544170857406341/,https://www.facebook.com/profile.php?id=61585812725679&sk=reels_tab,2026-07-27,uploaded,52,Pure Talent 109,10,2026-08-20T00:00:00,nPGgvxe3nMs
26070491405930602,https://www.facebook.com/reel/26070491405930602/,https://web.facebook.com/TheFabrikRestoration/reels/,2026-08-08,uploaded,53,Pure Talent 110,10,2026-08-20T05:00:00,OJ6n5a2t2SU
2054701588492750,https://www.facebook.com/reel/2054701588492750/,https://www.facebook.com/profile.php?id=61585812725679&sk=reels_tab,2026-07-27,uploaded,54,Pure Talent 116,11,2026-08-21T11:00:00,6cr_mE3vTbw
2930462057294395,https://www.facebook.com/reel/2930462057294395/,https://www.facebook.com/profile.php?id=61585812725679&sk=reels_tab,2026-07-27,uploaded,55,Pure Talent 117,11,2026-08-21T16:00:00,TBLjFiwLors
859619503765619,https://www.facebook.com/reel/859619503765619/,https://web.facebook.com/TheFabrikRestoration/reels/,2026-08-08,uploaded,56,Pure Talent 118,11,2026-08-21T21:00:00,dIEmKuqlpko
1790551218323028,https://www.facebook.com/reel/1790551218323028/,https://web.facebook.com/TheFabrikRestoration/reels/,2026-08-08,uploaded,57,Pure Talent 119,11,2026-08-22T02:00:00,s4wtIBPJelE
1334466193926442,https://www.facebook.com/reel/1334466193926442/,https://www.facebook.com/linguoermechanic/reels/,2026-07-27,uploaded,58,Pure Talent 120,11,2026-08-22T07:00:00,isfH-2zo3Y4
1682324382316918,https://www.facebook.com/reel/1682324382316918/,https://www.facebook.com/linguoermechanic/reels/,2026-07-27,uploaded,59,Pure Talent 121,11,2026-08-22T12:00:00,ffKObgS6d0U
1464506601502657,https://www.facebook.com/reel/1464506601502657/,https://www.facebook.com/linguoermechanic/reels/,2026-07-27,uploaded,60,Pure Talent 122,11,2026-08-22T17:00:00,XyWb_ZlBLUY
2079062180153638,https://www.facebook.com/reel/2079062180153638/,https://www.facebook.com/profile.php?id=61585812725679&sk=reels_tab,2026-07-27,uploaded,61,Pure Talent 123,11,2026-08-22T22:00:00,ySVybMQUKVE
1216790299725846,https://www.facebook.com/reel/1216790299725846/,https://www.facebook.com/linguoermechanic/reels/,2026-07-27,deleted,62,Pure Talent 124,11,2026-08-23T03:00:00,Y7yRjOZVsUc
1413417042408288,https://www.facebook.com/reel/1413417042408288/,https://www.facebook.com/linguoermechanic/reels/,2026-07-27,deleted,63,Pure Talent 125,11,2026-08-23T08:00:00,2aTa4vLGwD0
738060472247991,https://www.facebook.com/reel/738060472247991/,https://www.facebook.com/linguoermechanic/reels/,2026-07-27,uploaded,64,Pure Talent 126,11,2026-08-23T13:00:00,fw2Os1um4IQ
347110544180243,https://www.facebook.com/reel/347110544180243/,https://www.facebook.com/linguoermechanic/reels/,2026-07-27,uploaded,65,Pure Talent 127,12,2026-08-23T18:00:00,L-01labfbpg
1809282342910293,https://www.facebook.com/reel/1809282342910293/,https://www.facebook.com/linguoermechanic/reels/,2026-07-27,uploaded,66,Pure Talent 128,12,2026-08-23T23:00:00,nsqcCMC-Stg
1476069399677851,https://www.facebook.com/reel/1476069399677851/,https://www.facebook.com/linguoermechanic/reels/,2026-07-27,deleted,67,Pure Talent 129,12,2026-08-24T04:00:00,dn4bz4l1de0
819474783906935,https://www.facebook.com/reel/819474783906935/,https://www.facebook.com/linguoermechanic/reels/,2026-07-27,deleted,68,Pure Talent 130,12,2026-08-24T09:00:00,u6JRgjdxzOs
679379408601720,https://www.facebook.com/reel/679379408601720/,https://www.facebook.com/linguoermechanic/reels/,2026-07-27,deleted,69,Pure Talent 131,12,2026-08-24T14:00:00,fISG0k1SOf4
387916233746589,https://www.facebook.com/reel/387916233746589/,https://www.facebook.com/linguoermechanic/reels/,2026-07-27,deleted,70,Pure Talent 132,12,2026-08-24T19:00:00,S6ZDV2XwlqA
816084413790404,https://www.facebook.com/reel/816084413790404/,https://www.facebook.com/linguoermechanic/reels/,2026-07-27,deleted,71,Pure Talent 133,12,2026-08-25T00:00:00,2J3QBIpdk44
1639234034007012,https://www.facebook.com/reel/1639234034007012/,https://www.facebook.com/profile.php?id=61585812725679&sk=reels_tab,2026-07-27,skipped,72,,,,
1128932032667742,https://www.facebook.com/reel/1128932032667742/,https://www.facebook.com/linguoermechanic/reels/,2026-07-27,deleted,73,Pure Talent 134,12,2026-08-25T05:00:00,71IMGW5nKgk
1496009442136531,https://www.facebook.com/reel/1496009442136531/,https://web.facebook.com/TheFabrikRestoration/reels/,2026-08-08,uploaded,74,Pure Talent 135,13,2026-08-31T05:00:00,d8ZhemRXiFw
591653563201375,https://www.facebook.com/reel/591653563201375/,https://web.facebook.com/TheFabrikRestoration/reels/,2026-08-08,uploaded,75,Pure Talent 136,13,2026-08-31T10:00:00,Y0RueirIkXw
771711104492042,https://www.facebook.com/reel/771711104492042/,https://www.facebook.com/linguoermechanic/reels/,2026-07-27,uploaded,76,Pure Talent 137,13,2026-08-31T15:00:00,ueOoC4qtkhw
167862536245775,https://www.facebook.com/reel/167862536245775/,https://www.facebook.com/linguoermechanic/reels/,2026-07-27,uploaded,77,Pure Talent 138,,2026-08-31T20:00:00,qFOUK363eUo
375913125433815,https://www.facebook.com/reel/375913125433815/,https://web.facebook.com/TheFabrikRestoration/reels/,2026-08-08,uploaded,78,Pure Talent 139,14,2026-09-01T01:00:00,fRRy6rv8HTU
1333375275391942,https://www.facebook.com/reel/1333375275391942/,https://www.facebook.com/profile.php?id=61585812725679&sk=reels_tab,2026-07-27,skipped,79,,,,
2169170670261230,https://www.facebook.com/reel/2169170670261230/,https://www.facebook.com/linguoermechanic/reels/,2026-07-27,uploaded,80,Pure Talent 140,14,2026-09-01T06:00:00,KpJtdEtpiNk
657328832910753,https://www.facebook.com/reel/657328832910753/,https://web.facebook.com/TheFabrikRestoration/reels/,2026-08-08,uploaded,81,Pure Talent 141,14,2026-09-01T11:00:00,YN4OsoKB1Pw
740195240614425,https://www.facebook.com/reel/740195240614425/,https://www.facebook.com/linguoermechanic/reels/,2026-07-27,uploaded,82,Pure Talent 142,14,2026-09-01T16:00:00,WjyW48bqnEY
2379439785756273,https://www.facebook.com/reel/2379439785756273/,https://www.facebook.com/linguoermechanic/reels/,2026-07-27,uploaded,83,Pure Talent 143,14,2026-09-01T21:00:00,HK-ZBYq0n40
1416154303310054,https://www.facebook.com/reel/1416154303310054/,https://www.facebook.com/profile.php?id=61585812725679&sk=reels_tab,2026-07-27,skipped,84,,,,
1095843187681687,https://www.facebook.com/reel/1095843187681687/,https://www.facebook.com/linguoermechanic/reels/,2026-07-27,uploaded,85,Pure Talent 144,15,2026-09-02T02:00:00,J_xSovuM85w
2368198676994783,https://www.facebook.com/reel/2368198676994783/,https://www.facebook.com/profile.php?id=61585812725679&sk=reels_tab,2026-07-27,skipped,86,,,,
1011057594502581,https://www.facebook.com/reel/1011057594502581/,https://www.facebook.com/linguoermechanic/reels/,2026-07-27,uploaded,87,Pure Talent 145,15,2026-09-02T07:00:00,k5moggPBcK0
1322277584849371,https://www.facebook.com/reel/1322277584849371/,https://www.facebook.com/linguoermechanic/reels/,2026-07-27,deleted,88,Pure Talent 146,16,2026-09-02T12:00:00,46aB5Aiv93Y
2074398890052256,https://www.facebook.com/reel/2074398890052256/,https://www.facebook.com/linguoermechanic/reels/,2026-07-27,deleted,89,Pure Talent 147,16,2026-09-02T17:00:00,L2ivV9vDISU
1373300890531986,https://www.facebook.com/reel/1373300890531986/,https://www.facebook.com/linguoermechanic/reels/,2026-07-27,uploaded,90,Pure Talent 148,16,2026-09-02T22:00:00,k8U451NdoJo
6537938176327598,https://www.facebook.com/reel/6537938176327598/,https://web.facebook.com/TheFabrikRestoration/reels/,2026-08-08,uploaded,91,Pure Talent 149,16,2026-09-03T03:00:00,i__rPFhumKs
4010321025883314,https://www.facebook.com/reel/4010321025883314/,https://web.facebook.com/TheFabrikRestoration/reels/,2026-08-08,uploaded,92,Pure Talent 150,16,2026-09-03T08:00:00,28aQRQn4xC4
630826939118274,https://www.facebook.com/reel/630826939118274/,https://www.facebook.com/linguoermechanic/reels/,2026-07-27,deleted,93,Pure Talent 151,16,2026-09-03T13:00:00,2-vqr-Oc4hA
4339220219649175,https://www.facebook.com/reel/4339220219649175/,https://www.facebook.com/profile.php?id=61585812725679&sk=reels_tab,2026-07-27,skipped,94,,,,
1388015955065141,https://www.facebook.com/reel/1388015955065141/,https://www.facebook.com/linguoermechanic/reels/,2026-07-27,uploaded,95,Pure Talent 152,16,2026-09-03T18:00:00,VKmRu5aO_6k
777153263183541,https://www.facebook.com/reel/777153263183541/,https://www.facebook.com/linguoermechanic/reels/,2026-07-27,uploaded,96,Pure Talent 153,16,2026-09-03T23:00:00,luYh7UuDvOs
1657344674742803,https://www.facebook.com/reel/1657344674742803/,https://www.facebook.com/linguoermechanic/reels/,2026-07-27,uploaded,97,Pure Talent 154,16,2026-09-04T04:00:00,xR1tyi3Xysg
1507895291373287,https://www.facebook.com/reel/1507895291373287/,https://www.facebook.com/linguoermechanic/reels/,2026-07-27,deleted,98,Pure Talent 155,16,2026-09-04T09:00:00,v6Q90H0UNXs
2351820118293423,https://www.facebook.com/reel/2351820118293423/,https://www.facebook.com/linguoermechanic/reels/,2026-07-27,deleted,99,Pure Talent 156,17,2026-09-04T14:00:00,M1JuFBtNPUM
1014498450292982,https://www.facebook.com/reel/1014498450292982/,https://www.facebook.com/linguoermechanic/reels/,2026-07-27,uploaded,100,Pure Talent 157,18,2026-09-04T19:00:00,DPg6StEr1ZA
6944268862254644,https://www.facebook.com/reel/6944268862254644/,https://www.facebook.com/linguoermechanic/reels/,2026-07-27,uploaded,101,Pure Talent 158,18,2026-09-05T00:00:00,dvMIZLZ0MJo
883057446672115,https://www.facebook.com/reel/883057446672115/,https://web.facebook.com/TheFabrikRestoration/reels/,2026-08-08,uploaded,102,Pure Talent 159,19,2026-09-05T05:00:00,jiV8EwU3JfQ
1240282997916072,https://www.facebook.com/reel/1240282997916072/,https://www.facebook.com/profile.php?id=61585812725679&sk=reels_tab,2026-07-27,skipped,103,,,,
25241889148754415,https://www.facebook.com/reel/25241889148754415/,https://www.facebook.com/linguoermechanic/reels/,2026-07-27,uploaded,104,Pure Talent 160,19,2026-09-05T10:00:00,NUgVRkcpMrc
553311209633517,https://www.facebook.com/reel/553311209633517/,https://www.facebook.com/linguoermechanic/reels/,2026-07-27,uploaded,105,Pure Talent 161,19,2026-09-05T15:00:00,pQbPgz8Dt_E
795946632448135,https://www.facebook.com/reel/795946632448135/,https://www.facebook.com/linguoermechanic/reels/,2026-07-27,deleted,106,Pure Talent 162,19,2026-09-05T20:00:00,MTdtwXP-syY
1463880702177963,https://www.facebook.com/reel/1463880702177963/,https://www.facebook.com/profile.php?id=61585812725679&sk=reels_tab,2026-07-27,skipped,107,,,,
1263583365219696,https://www.facebook.com/reel/1263583365219696/,https://www.facebook.com/profile.php?id=61585812725679&sk=reels_tab,2026-07-27,skipped,108,,,,
1379818337384669,https://www.facebook.com/reel/1379818337384669/,https://www.facebook.com/profile.php?id=61585812725679&sk=reels_tab,2026-07-27,skipped,109,,,,
784152605898879,https://www.facebook.com/reel/784152605898879/,https://web.facebook.com/TheFabrikRestoration/reels/,2026-08-08,uploaded,110,Pure Talent 163,19,2026-09-06T01:00:00,8-n-gESlv2s
706750241735521,https://www.facebook.com/reel/706750241735521/,https://www.facebook.com/linguoermechanic/reels/,2026-07-27,uploaded,111,Pure Talent 164,19,2026-09-06T06:00:00,eCQEET3r1ss
1297391304541260,https://www.facebook.com/reel/1297391304541260/,https://www.facebook.com/linguoermechanic/reels/,2026-07-27,uploaded,112,Pure Talent 165,19,2026-09-06T11:00:00,B1VDE9mlZ3k
1486642709189708,https://www.facebook.com/reel/1486642709189708/,https://www.facebook.com/profile.php?id=61585812725679&sk=reels_tab,2026-07-27,skipped,113,,,,
2609520462801140,https://www.facebook.com/reel/2609520462801140/,https://www.facebook.com/linguoermechanic/reels/,2026-07-27,uploaded,114,Pure Talent 166,19,2026-09-06T16:00:00,jtTPKAeo1Tg
994297635046072,https://www.facebook.com/reel/994297635046072/,https://www.facebook.com/linguoermechanic/reels/,2026-07-27,deleted,115,Pure Talent 167,19,2026-09-06T21:00:00,OXOBBWs7hS4
1240781271587189,https://www.facebook.com/reel/1240781271587189/,https://www.facebook.com/profile.php?id=61585812725679&sk=reels_tab,2026-07-27,skipped,116,,,,
2028147834750622,https://www.facebook.com/reel/2028147834750622/,https://www.facebook.com/linguoermechanic/reels/,2026-07-27,uploaded,117,Pure Talent 168,19,2026-09-07T02:00:00,qzy1meZai00
1192828588298039,https://www.facebook.com/reel/1192828588298039/,https://www.facebook.com/linguoermechanic/reels/,2026-07-27,uploaded,118,Pure Talent 169,20,2026-09-07T07:00:00,7wpuFl6FEt0
1376116249800050,https://www.facebook.com/reel/1376116249800050/,https://web.facebook.com/TheFabrikRestoration/reels/,2026-08-08,uploaded,119,Pure Talent 170,20,2026-09-07T12:00:00,xTBbe9PK0Nw
1171446098106647,https://www.facebook.com/reel/1171446098106647/,https://www.facebook.com/linguoermechanic/reels/,2026-07-27,uploaded,120,Pure Talent 171,20,2026-09-07T17:00:00,gkg73XNxZXI
913092041617499,https://www.facebook.com/reel/913092041617499/,https://www.facebook.com/profile.php?id=61585812725679&sk=reels_tab,2026-07-27,skipped,121,,,,
315346844303212,https://www.facebook.com/reel/315346844303212/,https://www.facebook.com/linguoermechanic/reels/,2026-07-27,uploaded,122,Pure Talent 172,20,2026-09-07T22:00:00,AXgleWA3jNg
271635675366795,https://www.facebook.com/reel/271635675366795/,https://web.facebook.com/TheFabrikRestoration/reels/,2026-08-08,uploaded,123,Pure Talent 173,20,2026-09-08T03:00:00,q7qvw2yRD1g
1206164640954319,https://www.facebook.com/reel/1206164640954319/,https://www.facebook.com/profile.php?id=61585812725679&sk=reels_tab,2026-07-27,uploaded,124,Pure Talent 174,20,2026-09-08T08:00:00,P6fzbHMpWY8
999860005480510,https://www.facebook.com/reel/999860005480510/,https://web.facebook.com/TheFabrikRestoration/reels/,2026-08-08,uploaded,125,Pure Talent 175,20,2026-09-08T13:00:00,_NlWTxZmWDo
1328806214823862,https://www.facebook.com/reel/1328806214823862/,https://www.facebook.com/linguoermechanic/reels/,2026-07-27,uploaded,126,Pure Talent 176,20,2026-09-08T18:00:00,kFE0Xrec4Ls
1203133284452389,https://www.facebook.com/reel/1203133284452389/,https://www.facebook.com/linguoermechanic/reels/,2026-07-27,uploaded,127,Pure Talent 177,20,2026-09-08T23:00:00,9uf5g0AV4Qw
910572601279582,https://www.facebook.com/reel/910572601279582/,https://www.facebook.com/linguoermechanic/reels/,2026-07-27,uploaded,128,Pure Talent 178,20,2026-09-09T04:00:00,io5T2wdNL5g
2776921622660683,https://www.facebook.com/reel/2776921622660683/,https://web.facebook.com/TheFabrikRestoration/reels/,2026-08-08,uploaded,129,Pure Talent 179,21,2026-09-09T09:00:00,dj07sUVmzcg
1049575336699526,https://www.facebook.com/reel/1049575336699526/,https://web.facebook.com/TheFabrikRestoration/reels/,2026-08-08,uploaded,130,Pure Talent 180,21,2026-09-09T14:00:00,IDcfGuyQCFw
1586319921959911,https://www.facebook.com/reel/1586319921959911/,https://web.facebook.com/TheFabrikRestoration/reels/,2026-08-08,uploaded,131,Pure Talent 181,21,2026-09-09T19:00:00,lyhqcfcwvmY
4361212360828125,https://www.facebook.com/reel/4361212360828125/,https://www.facebook.com/linguoermechanic/reels/,2026-07-27,uploaded,132,Pure Talent 182,21,2026-09-10T00:00:00,D61oniLLf0Y
214325417995540,https://www.facebook.com/reel/214325417995540/,https://www.facebook.com/linguoermechanic/reels/,2026-07-27,uploaded,133,Pure Talent 183,21,2026-09-10T05:00:00,Y9O1_4Ilr2k
1751784962620044,https://www.facebook.com/reel/1751784962620044/,https://www.facebook.com/profile.php?id=61585812725679&sk=reels_tab,2026-07-27,skipped,134,,,,
1419010969185051,https://www.facebook.com/reel/1419010969185051/,https://www.facebook.com/linguoermechanic/reels/,2026-07-27,uploaded,135,Pure Talent 184,21,2026-09-10T10:00:00,2GPPzFneCBY
243592095467711,https://www.facebook.com/reel/243592095467711/,https://www.facebook.com/linguoermechanic/reels/,2026-07-27,uploaded,136,Pure Talent 185,21,2026-09-10T15:00:00,LtkyJ2g6loE
648114251524446,https://www.facebook.com/reel/648114251524446/,https://www.facebook.com/linguoermechanic/reels/,2026-07-27,uploaded,137,Pure Talent 186,21,2026-09-10T20:00:00,owUyVNTfGww
1654702972453222,https://www.facebook.com/reel/1654702972453222/,https://www.facebook.com/profile.php?id=61585812725679&sk=reels_tab,2026-07-27,skipped,138,,,,
7328843600502174,https://www.facebook.com/reel/7328843600502174/,https://www.facebook.com/linguoermechanic/reels/,2026-07-27,uploaded,139,Pure Talent 187,21,2026-09-11T01:00:00,ST67S9EVGa4
684007993288213,https://www.facebook.com/reel/684007993288213/,https://www.facebook.com/linguoermechanic/reels/,2026-07-27,uploaded,140,Pure Talent 188,21,2026-09-11T06:00:00,2u96q6tJaVY
590187783983149,https://www.facebook.com/reel/590187783983149/,https://www.facebook.com/linguoermechanic/reels/,2026-07-27,uploaded,141,Pure Talent 188,22,2026-09-11T11:00:00,lAZ7OeL53ok
1942763809813412,https://www.facebook.com/reel/1942763809813412/,https://www.facebook.com/linguoermechanic/reels/,2026-07-27,uploaded,142,Pure Talent 189,22,2026-09-11T16:00:00,qDvuahqATrA
2158793901283088,https://www.facebook.com/reel/2158793901283088/,https://www.facebook.com/linguoermechanic/reels/,2026-07-27,skipped,143,,,,
1358235301403709,https://www.facebook.com/reel/1358235301403709/,https://www.facebook.com/linguoermechanic/reels/,2026-07-27,uploaded,144,Pure Talent 190,22,2026-09-11T21:00:00,94Z2R2ed8ZM
1820362862683132,https://www.facebook.com/reel/1820362862683132/,https://www.facebook.com/profile.php?id=61585812725679&sk=reels_tab,2026-07-27,uploaded,145,Pure Talent 191,22,2026-09-12T02:00:00,qdo8HGjQ-Qo
393538917185418,https://www.facebook.com/reel/393538917185418/,https://www.facebook.com/linguoermechanic/reels/,2026-07-27,uploaded,146,Pure Talent 192,22,2026-09-12T07:00:00,WDPFK9Sy2Bo
3256491597963395,https://www.facebook.com/reel/3256491597963395/,https://web.facebook.com/TheFabrikRestoration/reels/,2026-08-08,uploaded,147,Pure Talent 193,22,2026-09-12T12:00:00,JlVI4dkouEE
1068429729182388,https://www.facebook.com/reel/1068429729182388/,https://www.facebook.com/profile.php?id=61585812725679&sk=reels_tab,2026-07-27,uploaded,148,Pure Talent 194,22,2026-09-12T17:00:00,S-YUbYlmbug
742583648237126,https://www.facebook.com/reel/742583648237126/,https://www.facebook.com/linguoermechanic/reels/,2026-07-27,uploaded,149,Pure Talent 195,22,2026-09-12T22:00:00,0WU2JqwTyIs
27278535298483274,https://www.facebook.com/reel/27278535298483274/,https://www.facebook.com/profile.php?id=61585812725679&sk=reels_tab,2026-07-27,skipped,150,,,,
460718710031618,https://www.facebook.com/reel/460718710031618/,https://web.facebook.com/TheFabrikRestoration/reels/,2026-08-08,uploaded,151,Pure Talent 196,22,2026-09-13T03:00:00,7GIHN0bLDUo
910777251271298,https://www.facebook.com/reel/910777251271298/,https://www.facebook.com/linguoermechanic/reels/,2026-07-27,skipped,152,,,,
3726805184253243,https://www.facebook.com/reel/3726805184253243/,https://www.facebook.com/linguoermechanic/reels/,2026-07-27,uploaded,153,Pure Talent 197,22,2026-09-13T08:00:00,aLGVw9SQ6UU
1547515926687136,https://www.facebook.com/reel/1547515926687136/,https://web.facebook.com/TheFabrikRestoration/reels/,2026-08-08,remaining,154,,,,
2496010560843383,https://www.facebook.com/reel/2496010560843383/,https://www.facebook.com/profile.php?id=61585812725679&sk=reels_tab,2026-07-27,remaining,155,,,,
2497373743743602,https://www.facebook.com/reel/2497373743743602/,https://www.facebook.com/linguoermechanic/reels/,2026-07-27,remaining,156,,,,
1253378933598271,https://www.facebook.com/reel/1253378933598271/,https://www.facebook.com/linguoermechanic/reels/,2026-07-27,remaining,157,,,,
1927610904701156,https://www.facebook.com/reel/1927610904701156/,https://www.facebook.com/linguoermechanic/reels/,2026-07-27,remaining,158,,,,
1175619540188717,https://www.facebook.com/reel/1175619540188717/,https://www.facebook.com/linguoermechanic/reels/,2026-07-27,remaining,159,,,,
1852463685555134,https://www.facebook.com/reel/1852463685555134/,https://www.facebook.com/linguoermechanic/reels/,2026-07-27,remaining,160,,,,
1458571415759774,https://www.facebook.com/reel/1458571415759774/,https://www.facebook.com/profile.php?id=61585812725679&sk=reels_tab,2026-07-27,remaining,161,,,,
3581031785360812,https://www.facebook.com/reel/3581031785360812/,https://www.facebook.com/linguoermechanic/reels/,2026-07-27,remaining,162,,,,
1535181907867460,https://www.facebook.com/reel/1535181907867460/,https://www.facebook.com/linguoermechanic/reels/,2026-07-27,remaining,163,,,,
935628429117617,https://www.facebook.com/reel/935628429117617/,https://web.facebook.com/TheFabrikRestoration/reels/,2026-08-08,remaining,164,,,,
1836187557052729,https://www.facebook.com/reel/1836187557052729/,https://www.facebook.com/profile.php?id=61585812725679&sk=reels_tab,2026-07-27,remaining,165,,,,
974655736987078,https://www.facebook.com/reel/974655736987078/,https://www.facebook.com/linguoermechanic/reels/,2026-07-27,remaining,166,,,,
1037833050873439,https://www.facebook.com/reel/1037833050873439/,https://www.facebook.com/linguoermechanic/reels/,2026-07-27,remaining,167,,,,
831876781243796,https://www.facebook.com/reel/831876781243796/,https://www.facebook.com/linguoermechanic/reels/,2026-07-27,remaining,168,,,,
2698072840364927,https://www.facebook.com/reel/2698072840364927/,https://web.facebook.com/TheFabrikRestoration/reels/,2026-08-08,remaining,169,,,,
2408451736203321,https://www.facebook.com/reel/2408451736203321/,https://web.facebook.com/TheFabrikRestoration/reels/,2026-08-08,remaining,170,,,,
2466097733775131,https://www.facebook.com/reel/2466097733775131/,https://www.facebook.com/linguoermechanic/reels/,2026-07-27,remaining,171,,,,
1987070125048283,https://www.facebook.com/reel/1987070125048283/,https://web.facebook.com/TheFabrikRestoration/reels/,2026-08-08,remaining,172,,,,
942948470319992,https://www.facebook.com/reel/942948470319992/,https://www.facebook.com/linguoermechanic/reels/,2026-07-27,remaining,173,,,,
600430458334951,https://www.facebook.com/reel/600430458334951/,https://web.facebook.com/TheFabrikRestoration/reels/,2026-08-08,remaining,174,,,,
1230141458890812,https://www.facebook.com/reel/1230141458890812/,https://www.facebook.com/linguoermechanic/reels/,2026-07-27,remaining,175,,,,
2519383358423884,https://www.facebook.com/reel/2519383358423884/,https://www.facebook.com/linguoermechanic/reels/,2026-07-27,remaining,176,,,,
3318740168451490,https://www.facebook.com/reel/3318740168451490/,https://www.facebook.com/linguoermechanic/reels/,2026-07-27,remaining,177,,,,
2135982480162862,https://www.facebook.com/reel/2135982480162862/,https://www.facebook.com/linguoermechanic/reels/,2026-07-27,remaining,178,,,,
3249008742061369,https://www.facebook.com/reel/3249008742061369/,https://www.facebook.com/linguoermechanic/reels/,2026-07-27,remaining,179,,,,
718517536668543,https://www.facebook.com/reel/718517536668543/,https://web.facebook.com/TheFabrikRestoration/reels/,2026-08-08,remaining,180,,,,
24538226579115766,https://www.facebook.com/reel/24538226579115766/,https://www.facebook.com/linguoermechanic/reels/,2026-07-27,remaining,181,,,,
3331595500324360,https://www.facebook.com/reel/3331595500324360/,https://www.facebook.com/profile.php?id=61585812725679&sk=reels_tab,2026-07-27,remaining,182,,,,
216580461060703,https://www.facebook.com/reel/216580461060703/,https://web.facebook.com/TheFabrikRestoration/reels/,2026-08-08,remaining,183,,,,
873467763770766,https://www.facebook.com/reel/873467763770766/,https://www.facebook.com/linguoermechanic/reels/,2026-07-27,remaining,184,,,,
3522999501294682,https://www.facebook.com/reel/3522999501294682/,https://web.facebook.com/TheFabrikRestoration/reels/,2026-08-08,remaining,185,,,,
235908475534000,https://www.facebook.com/reel/235908475534000/,https://www.facebook.com/linguoermechanic/reels/,2026-07-27,remaining,186,,,,
26990667993944709,https://www.facebook.com/reel/26990667993944709/,https://web.facebook.com/TheFabrikRestoration/reels/,2026-08-08,remaining,187,,,,
631584762388511,https://www.facebook.com/reel/631584762388511/,https://www.facebook.com/linguoermechanic/reels/,2026-07-27,remaining,188,,,,
1406286243769279,https://www.facebook.com/reel/1406286243769279/,https://www.facebook.com/linguoermechanic/reels/,2026-07-27,remaining,189,,,,
3982430095401539,https://www.facebook.com/reel/3982430095401539/,https://www.facebook.com/linguoermechanic/reels/,2026-07-27,remaining,190,,,,
1639369017309199,https://www.facebook.com/reel/1639369017309199/,https://www.facebook.com/profile.php?id=61585812725679&sk=reels_tab,2026-07-27,remaining,191,,,,
271289235618825,https://www.facebook.com/reel/271289235618825/,https://web.facebook.com/TheFabrikRestoration/reels/,2026-08-08,remaining,192,,,,
938137548928485,https://www.facebook.com/reel/938137548928485/,https://web.facebook.com/TheFabrikRestoration/reels/,2026-08-08,remaining,193,,,,
2357562051417455,https://www.facebook.com/reel/2357562051417455/,https://www.facebook.com/profile.php?id=61585812725679&sk=reels_tab,2026-07-27,remaining,194,,,,
241607038925602,https://www.facebook.com/reel/241607038925602/,https://web.facebook.com/TheFabrikRestoration/reels/,2026-08-08,remaining,195,,,,
27544383571887145,https://www.facebook.com/reel/27544383571887145/,https://www.facebook.com/profile.php?id=61585812725679&sk=reels_tab,2026-07-27,remaining,196,,,,
531386142424385,https://www.facebook.com/reel/531386142424385/,https://web.facebook.com/TheFabrikRestoration/reels/,2026-08-08,remaining,197,,,,
1466681298195891,https://www.facebook.com/reel/1466681298195891/,https://www.facebook.com/profile.php?id=61585812725679&sk=reels_tab,2026-07-27,remaining,198,,,,
1818670389101195,https://www.facebook.com/reel/1818670389101195/,https://www.facebook.com/profile.php?id=61585812725679&sk=reels_tab,2026-07-27,remaining,199,,,,
455528166633900,https://www.facebook.com/reel/455528166633900/,https://www.facebook.com/linguoermechanic/reels/,2026-07-27,remaining,200,,,,
1484393659781999,https://www.facebook.com/reel/1484393659781999/,https://www.facebook.com/profile.php?id=61585812725679&sk=reels_tab,2026-07-27,remaining,201,,,,
1326190421303265,https://www.facebook.com/reel/1326190421303265/,https://www.facebook.com/linguoermechanic/reels/,2026-07-27,remaining,202,,,,
1352503119769681,https://www.facebook.com/reel/1352503119769681/,https://www.facebook.com/profile.php?id=61585812725679&sk=reels_tab,2026-07-27,remaining,203,,,,
1588038242549027,https://www.facebook.com/reel/1588038242549027/,https://www.facebook.com/linguoermechanic/reels/,2026-07-27,remaining,204,,,,
1040742864472542,https://www.facebook.com/reel/1040742864472542/,https://web.facebook.com/TheFabrikRestoration/reels/,2026-08-08,remaining,205,,,,
1381153813094838,https://www.facebook.com/reel/1381153813094838/,https://www.facebook.com/linguoermechanic/reels/,2026-07-27,remaining,206,,,,
1730398554949261,https://www.facebook.com/reel/1730398554949261/,https://web.facebook.com/TheFabrikRestoration/reels/,2026-08-08,remaining,207,,,,
1392428729337072,https://www.facebook.com/reel/1392428729337072/,https://www.facebook.com/profile.php?id=61585812725679&sk=reels_tab,2026-07-27,remaining,208,,,,
566162715481612,https://www.facebook.com/reel/566162715481612/,https://www.facebook.com/linguoermechanic/reels/,2026-07-27,remaining,209,,,,
8877390812318245,https://www.facebook.com/reel/8877390812318245/,https://www.facebook.com/linguoermechanic/reels/,2026-07-27,remaining,210,,,,
1855504221913946,https://www.facebook.com/reel/1855504221913946/,https://www.facebook.com/linguoermechanic/reels/,2026-07-27,remaining,211,,,,
1590428945347457,https://www.facebook.com/reel/1590428945347457/,https://web.facebook.com/TheFabrikRestoration/reels/,2026-08-08,remaining,212,,,,
2298418563853210,https://www.facebook.com/reel/2298418563853210/,https://www.facebook.com/linguoermechanic/reels/,2026-07-27,remaining,213,,,,
898354435861088,https://www.facebook.com/reel/898354435861088/,https://www.facebook.com/linguoermechanic/reels/,2026-07-27,remaining,214,,,,
973809045485130,https://www.facebook.com/reel/973809045485130/,https://www.facebook.com/profile.php?id=61585812725679&sk=reels_tab,2026-07-27,remaining,215,,,,
582994038135227,https://www.facebook.com/reel/582994038135227/,https://www.facebook.com/linguoermechanic/reels/,2026-07-27,remaining,216,,,,
771563895799787,https://www.facebook.com/reel/771563895799787/,https://www.facebook.com/linguoermechanic/reels/,2026-07-27,remaining,217,,,,
1018891363995628,https://www.facebook.com/reel/1018891363995628/,https://www.facebook.com/profile.php?id=61585812725679&sk=reels_tab,2026-07-27,remaining,218,,,,
254933717018501,https://www.facebook.com/reel/254933717018501/,https://www.facebook.com/linguoermechanic/reels/,2026-07-27,remaining,219,,,,
1905004320353955,https://www.facebook.com/reel/1905004320353955/,https://www.facebook.com/linguoermechanic/reels/,2026-07-27,remaining,220,,,,
806109658775222,https://www.facebook.com/reel/806109658775222/,https://www.facebook.com/linguoermechanic/reels/,2026-07-27,remaining,221,,,,
805457805333189,https://www.facebook.com/reel/805457805333189/,https://www.facebook.com/linguoermechanic/reels/,2026-07-27,remaining,222,,,,
1246542753961593,https://www.facebook.com/reel/1246542753961593/,https://www.facebook.com/linguoermechanic/reels/,2026-07-27,remaining,223,,,,
280052941447657,https://www.facebook.com/reel/280052941447657/,https://www.facebook.com/linguoermechanic/reels/,2026-07-27,remaining,224,,,,
1042996394175783,https://www.facebook.com/reel/1042996394175783/,https://www.facebook.com/linguoermechanic/reels/,2026-07-27,remaining,225,,,,
846795726442459,https://www.facebook.com/reel/846795726442459/,https://web.facebook.com/TheFabrikRestoration/reels/,2026-08-08,remaining,226,,,,
3469322563398485,https://www.facebook.com/reel/3469322563398485/,https://www.facebook.com/linguoermechanic/reels/,2026-07-27,remaining,227,,,,
886624747654140,https://www.facebook.com/reel/886624747654140/,https://www.facebook.com/profile.php?id=61585812725679&sk=reels_tab,2026-07-27,remaining,228,,,,
1902162077043096,https://www.facebook.com/reel/1902162077043096/,https://www.facebook.com/profile.php?id=61585812725679&sk=reels_tab,2026-07-27,remaining,229,,,,
1466403495139499,https://www.facebook.com/reel/1466403495139499/,https://www.facebook.com/profile.php?id=61585812725679&sk=reels_tab,2026-07-27,remaining,230,,,,
751718264397798,https://www.facebook.com/reel/751718264397798/,https://www.facebook.com/linguoermechanic/reels/,2026-07-27,remaining,231,,,,
1396127150800071,https://www.facebook.com/reel/1396127150800071/,https://web.facebook.com/TheFabrikRestoration/reels/,2026-08-08,remaining,232,,,,
2414216452396164,https://www.facebook.com/reel/2414216452396164/,https://www.facebook.com/profile.php?id=61585812725679&sk=reels_tab,2026-07-27,remaining,233,,,,
3719103038404032,https://www.facebook.com/reel/3719103038404032/,https://www.facebook.com/linguoermechanic/reels/,2026-07-27,remaining,234,,,,
3858172861168642,https://www.facebook.com/reel/3858172861168642/,https://www.facebook.com/linguoermechanic/reels/,2026-07-27,remaining,235,,,,
1631491901658159,https://www.facebook.com/reel/1631491901658159/,https://www.facebook.com/profile.php?id=61585812725679&sk=reels_tab,2026-07-27,remaining,236,,,,
962329166595067,https://www.facebook.com/reel/962329166595067/,https://www.facebook.com/profile.php?id=61585812725679&sk=reels_tab,2026-07-27,remaining,237,,,,
869617166097749,https://www.facebook.com/reel/869617166097749/,https://www.facebook.com/profile.php?id=61585812725679&sk=reels_tab,2026-07-27,remaining,238,,,,
267643986441799,https://www.facebook.com/reel/267643986441799/,https://www.facebook.com/linguoermechanic/reels/,2026-07-27,remaining,239,,,,
1292088469216784,https://www.facebook.com/reel/1292088469216784/,https://web.facebook.com/TheFabrikRestoration/reels/,2026-08-08,remaining,240,,,,
1542257726239037,https://www.facebook.com/reel/1542257726239037/,https://web.facebook.com/TheFabrikRestoration/reels/,2026-08-08,remaining,241,,,,
484446134169860,https://www.facebook.com/reel/484446134169860/,https://www.facebook.com/linguoermechanic/reels/,2026-07-27,remaining,242,,,,
1242885354517436,https://www.facebook.com/reel/1242885354517436/,https://www.facebook.com/linguoermechanic/reels/,2026-07-27,remaining,243,,,,
1361432721121387,https://www.facebook.com/reel/1361432721121387/,https://www.facebook.com/linguoermechanic/reels/,2026-07-27,remaining,244,,,,
1274059461125713,https://www.facebook.com/reel/1274059461125713/,https://www.facebook.com/linguoermechanic/reels/,2026-07-27,remaining,245,,,,
967583902323938,https://www.facebook.com/reel/967583902323938/,https://www.facebook.com/profile.php?id=61585812725679&sk=reels_tab,2026-07-27,remaining,246,,,,
4555693431320577,https://www.facebook.com/reel/4555693431320577/,https://web.facebook.com/TheFabrikRestoration/reels/,2026-08-08,remaining,247,,,,
1029925687619672,https://www.facebook.com/reel/1029925687619672/,https://www.facebook.com/linguoermechanic/reels/,2026-07-27,remaining,248,,,,
439428838367291,https://www.facebook.com/reel/439428838367291/,https://www.facebook.com/linguoermechanic/reels/,2026-07-27,remaining,249,,,,
3209151159258387,https://www.facebook.com/reel/3209151159258387/,https://web.facebook.com/TheFabrikRestoration/reels/,2026-08-08,remaining,250,,,,
990977530197219,https://www.facebook.com/reel/990977530197219/,https://www.facebook.com/profile.php?id=61585812725679&sk=reels_tab,2026-07-27,remaining,251,,,,
1644177449931347,https://www.facebook.com/reel/1644177449931347/,https://www.facebook.com/profile.php?id=61585812725679&sk=reels_tab,2026-07-27,remaining,252,,,,
1226039691302332,https://www.facebook.com/reel/1226039691302332/,https://www.facebook.com/linguoermechanic/reels/,2026-07-27,remaining,253,,,,
1061911456135938,https://www.facebook.com/reel/1061911456135938/,https://web.facebook.com/TheFabrikRestoration/reels/,2026-08-08,remaining,254,,,,
27406819428974598,https://www.facebook.com/reel/27406819428974598/,https://www.facebook.com/profile.php?id=61585812725679&sk=reels_tab,2026-07-27,remaining,255,,,,
3950515515211634,https://www.facebook.com/reel/3950515515211634/,https://www.facebook.com/linguoermechanic/reels/,2026-07-27,remaining,256,,,,
675061824357258,https://www.facebook.com/reel/675061824357258/,https://www.facebook.com/linguoermechanic/reels/,2026-07-27,remaining,257,,,,
1627359588466871,https://www.facebook.com/reel/1627359588466871/,https://www.facebook.com/profile.php?id=61585812725679&sk=reels_tab,2026-07-27,remaining,258,,,,
1566628934586637,https://www.facebook.com/reel/1566628934586637/,https://web.facebook.com/TheFabrikRestoration/reels/,2026-08-08,remaining,259,,,,
330420472751324,https://www.facebook.com/reel/330420472751324/,https://web.facebook.com/TheFabrikRestoration/reels/,2026-08-08,remaining,260,,,,
1482850493484690,https://www.facebook.com/reel/1482850493484690/,https://www.facebook.com/profile.php?id=61585812725679&sk=reels_tab,2026-07-27,remaining,261,,,,
4305423126395973,https://www.facebook.com/reel/4305423126395973/,https://www.facebook.com/profile.php?id=61585812725679&sk=reels_tab,2026-07-27,remaining,262,,,,
543997057793436,https://www.facebook.com/reel/543997057793436/,https://www.facebook.com/linguoermechanic/reels/,2026-07-27,remaining,263,,,,
1403975534186637,https://www.facebook.com/reel/1403975534186637/,https://www.facebook.com/linguoermechanic/reels/,2026-07-27,remaining,264,,,,
932338272813168,https://www.facebook.com/reel/932338272813168/,https://www.facebook.com/linguoermechanic/reels/,2026-07-27,remaining,265,,,,
503967912597724,https://www.facebook.com/reel/503967912597724/,https://www.facebook.com/linguoermechanic/reels/,2026-07-27,remaining,266,,,,
2441604276273809,https://www.facebook.com/reel/2441604276273809/,https://www.facebook.com/linguoermechanic/reels/,2026-07-27,remaining,267,,,,
1407293127372216,https://www.facebook.com/reel/1407293127372216/,https://www.facebook.com/profile.php?id=61585812725679&sk=reels_tab,2026-07-27,remaining,268,,,,
877774944541687,https://www.facebook.com/reel/877774944541687/,https://www.facebook.com/linguoermechanic/reels/,2026-07-27,remaining,269,,,,
9221197918009684,https://www.facebook.com/reel/9221197918009684/,https://www.facebook.com/linguoermechanic/reels/,2026-07-27,remaining,270,,,,
1342637944445007,https://www.facebook.com/reel/1342637944445007/,https://www.facebook.com/profile.php?id=61585812725679&sk=reels_tab,2026-07-27,remaining,271,,,,
1740642703236575,https://www.facebook.com/reel/1740642703236575/,https://www.facebook.com/linguoermechanic/reels/,2026-07-27,remaining,272,,,,
1240059710591272,https://www.facebook.com/reel/1240059710591272/,https://www.facebook.com/linguoermechanic/reels/,2026-07-27,remaining,273,,,,
1968149587417901,https://www.facebook.com/reel/1968149587417901/,https://www.facebook.com/profile.php?id=61585812725679&sk=reels_tab,2026-07-27,remaining,274,,,,
766767244378306,https://www.facebook.com/reel/766767244378306/,https://www.facebook.com/linguoermechanic/reels/,2026-07-27,remaining,275,,,,
2055283618754017,https://www.facebook.com/reel/2055283618754017/,https://www.facebook.com/profile.php?id=61585812725679&sk=reels_tab,2026-07-27,remaining,276,,,,
311236921532033,https://www.facebook.com/reel/311236921532033/,https://web.facebook.com/TheFabrikRestoration/reels/,2026-08-08,remaining,277,,,,
604218335026659,https://www.facebook.com/reel/604218335026659/,https://www.facebook.com/linguoermechanic/reels/,2026-07-27,remaining,278,,,,
9826827640755178,https://www.facebook.com/reel/9826827640755178/,https://web.facebook.com/TheFabrikRestoration/reels/,2026-08-08,remaining,279,,,,
790215075487342,https://www.facebook.com/reel/790215075487342/,https://www.facebook.com/linguoermechanic/reels/,2026-07-27,remaining,280,,,,
2065779484018221,https://www.facebook.com/reel/2065779484018221/,https://www.facebook.com/profile.php?id=61585812725679&sk=reels_tab,2026-07-27,remaining,281,,,,
574950812189759,https://www.facebook.com/reel/574950812189759/,https://www.facebook.com/linguoermechanic/reels/,2026-07-27,remaining,282,,,,
25477972498567255,https://www.facebook.com/reel/25477972498567255/,https://www.facebook.com/linguoermechanic/reels/,2026-07-27,remaining,283,,,,
1209219597737278,https://www.facebook.com/reel/1209219597737278/,https://www.facebook.com/linguoermechanic/reels/,2026-07-27,remaining,284,,,,
1667735303622233,https://www.facebook.com/reel/1667735303622233/,https://www.facebook.com/linguoermechanic/reels/,2026-07-27,remaining,285,,,,
1264865934613828,https://www.facebook.com/reel/1264865934613828/,https://www.facebook.com/linguoermechanic/reels/,2026-07-27,remaining,286,,,,
1595501518217349,https://www.facebook.com/reel/1595501518217349/,https://www.facebook.com/profile.php?id=61585812725679&sk=reels_tab,2026-07-27,remaining,287,,,,
4260229864307424,https://www.facebook.com/reel/4260229864307424/,https://www.facebook.com/linguoermechanic/reels/,2026-07-27,remaining,288,,,,
2402341353587747,https://www.facebook.com/reel/2402341353587747/,https://www.facebook.com/profile.php?id=61585812725679&sk=reels_tab,2026-07-27,remaining,289,,,,
2076493689863460,https://www.facebook.com/reel/2076493689863460/,https://www.facebook.com/profile.php?id=61585812725679&sk=reels_tab,2026-07-27,remaining,290,,,,
996534644761537,https://www.facebook.com/reel/996534644761537/,https://www.facebook.com/linguoermechanic/reels/,2026-07-27,remaining,291,,,,
777245781228679,https://www.facebook.com/reel/777245781228679/,https://web.facebook.com/TheFabrikRestoration/reels/,2026-08-08,remaining,292,,,,
2013401066274757,https://www.facebook.com/reel/2013401066274757/,https://www.facebook.com/profile.php?id=61585812725679&sk=reels_tab,2026-07-27,remaining,293,,,,
1480760536825531,https://www.facebook.com/reel/1480760536825531/,https://www.facebook.com/profile.php?id=61585812725679&sk=reels_tab,2026-07-27,remaining,294,,,,
498886035938117,https://www.facebook.com/reel/498886035938117/,https://www.facebook.com/linguoermechanic/reels/,2026-07-27,remaining,295,,,,
1105408644511674,https://www.facebook.com/reel/1105408644511674/,https://web.facebook.com/TheFabrikRestoration/reels/,2026-08-08,remaining,296,,,,
814224338324128,https://www.facebook.com/reel/814224338324128/,https://www.facebook.com/profile.php?id=61585812725679&sk=reels_tab,2026-07-27,remaining,297,,,,
1020668080488651,https://www.facebook.com/reel/1020668080488651/,https://www.facebook.com/profile.php?id=61585812725679&sk=reels_tab,2026-07-27,remaining,298,,,,
369257979265730,https://www.facebook.com/reel/369257979265730/,https://www.facebook.com/linguoermechanic/reels/,2026-07-27,remaining,299,,,,
418473274232519,https://www.facebook.com/reel/418473274232519/,https://www.facebook.com/linguoermechanic/reels/,2026-07-27,remaining,300,,,,
1743263149890375,https://www.facebook.com/reel/1743263149890375/,https://www.facebook.com/profile.php?id=61585812725679&sk=reels_tab,2026-07-27,remaining,301,,,,
954198787679535,https://www.facebook.com/reel/954198787679535/,https://www.facebook.com/profile.php?id=61585812725679&sk=reels_tab,2026-07-27,remaining,302,,,,
329392799672996,https://www.facebook.com/reel/329392799672996/,https://web.facebook.com/TheFabrikRestoration/reels/,2026-08-08,remaining,303,,,,
1303100625318109,https://www.facebook.com/reel/1303100625318109/,https://www.facebook.com/profile.php?id=61585812725679&sk=reels_tab,2026-07-27,remaining,304,,,,
553761123448342,https://www.facebook.com/reel/553761123448342/,https://www.facebook.com/linguoermechanic/reels/,2026-07-27,remaining,305,,,,
9522766941151106,https://www.facebook.com/reel/9522766941151106/,https://www.facebook.com/linguoermechanic/reels/,2026-07-27,remaining,306,,,,
2564874340554609,https://www.facebook.com/reel/2564874340554609/,https://www.facebook.com/linguoermechanic/reels/,2026-07-27,remaining,307,,,,
1657728548264235,https://www.facebook.com/reel/1657728548264235/,https://www.facebook.com/linguoermechanic/reels/,2026-07-27,remaining,308,,,,
1038297173564226,https://www.facebook.com/reel/1038297173564226/,https://web.facebook.com/TheFabrikRestoration/reels/,2026-08-08,remaining,309,,,,
653540013677365,https://www.facebook.com/reel/653540013677365/,https://www.facebook.com/linguoermechanic/reels/,2026-07-27,remaining,310,,,,
2118725495159186,https://www.facebook.com/reel/2118725495159186/,https://www.facebook.com/linguoermechanic/reels/,2026-07-27,remaining,311,,,,
1083727515883824,https://www.facebook.com/reel/1083727515883824/,https://web.facebook.com/TheFabrikRestoration/reels/,2026-08-08,remaining,312,,,,
996414219547263,https://www.facebook.com/reel/996414219547263/,https://www.facebook.com/profile.php?id=61585812725679&sk=reels_tab,2026-07-27,remaining,313,,,,
1295493435318966,https://www.facebook.com/reel/1295493435318966/,https://web.facebook.com/TheFabrikRestoration/reels/,2026-08-08,remaining,314,,,,
961520532359337,https://www.facebook.com/reel/961520532359337/,https://web.facebook.com/TheFabrikRestoration/reels/,2026-08-08,remaining,315,,,,
1747048226017184,https://www.facebook.com/reel/1747048226017184/,https://www.facebook.com/linguoermechanic/reels/,2026-07-27,remaining,316,,,,
2006146473342284,https://www.facebook.com/reel/2006146473342284/,https://www.facebook.com/profile.php?id=61585812725679&sk=reels_tab,2026-07-27,remaining,317,,,,
1087564623278833,https://www.facebook.com/reel/1087564623278833/,https://www.facebook.com/linguoermechanic/reels/,2026-07-27,remaining,318,,,,
1366643695643814,https://www.facebook.com/reel/1366643695643814/,https://www.facebook.com/linguoermechanic/reels/,2026-07-27,remaining,319,,,,
1201647915485660,https://www.facebook.com/reel/1201647915485660/,https://www.facebook.com/linguoermechanic/reels/,2026-07-27,remaining,320,,,,
746980130082614,https://www.facebook.com/reel/746980130082614/,https://www.facebook.com/linguoermechanic/reels/,2026-07-27,remaining,321,,,,
2097649407328415,https://www.facebook.com/reel/2097649407328415/,https://www.facebook.com/linguoermechanic/reels/,2026-07-27,remaining,322,,,,
1439874834026096,https://www.facebook.com/reel/1439874834026096/,https://www.facebook.com/linguoermechanic/reels/,2026-07-27,remaining,323,,,,
1208314414680989,https://www.facebook.com/reel/1208314414680989/,https://www.facebook.com/profile.php?id=61585812725679&sk=reels_tab,2026-07-27,remaining,324,,,,
1507740654473286,https://www.facebook.com/reel/1507740654473286/,https://www.facebook.com/linguoermechanic/reels/,2026-07-27,remaining,325,,,,
1044743673514988,https://www.facebook.com/reel/1044743673514988/,https://www.facebook.com/linguoermechanic/reels/,2026-07-27,remaining,326,,,,
2178200936289189,https://www.facebook.com/reel/2178200936289189/,https://www.facebook.com/profile.php?id=61585812725679&sk=reels_tab,2026-07-27,remaining,327,,,,
1650089559149544,https://www.facebook.com/reel/1650089559149544/,https://www.facebook.com/linguoermechanic/reels/,2026-07-27,remaining,328,,,,
3535639853364173,https://www.facebook.com/reel/3535639853364173/,https://web.facebook.com/TheFabrikRestoration/reels/,2026-08-08,remaining,329,,,,
442483321479026,https://www.facebook.com/reel/442483321479026/,https://web.facebook.com/TheFabrikRestoration/reels/,2026-08-08,remaining,330,,,,
1086670135723736,https://www.facebook.com/reel/1086670135723736/,https://www.facebook.com/linguoermechanic/reels/,2026-07-27,remaining,331,,,,
533628308815690,https://www.facebook.com/reel/533628308815690/,https://www.facebook.com/linguoermechanic/reels/,2026-07-27,remaining,332,,,,
1431494778320795,https://www.facebook.com/reel/1431494778320795/,https://www.facebook.com/linguoermechanic/reels/,2026-07-27,remaining,333,,,,
1767387060706282,https://www.facebook.com/reel/1767387060706282/,https://www.facebook.com/linguoermechanic/reels/,2026-07-27,remaining,334,,,,
996792362844113,https://www.facebook.com/reel/996792362844113/,https://www.facebook.com/profile.php?id=61585812725679&sk=reels_tab,2026-07-27,remaining,335,,,,
1191456233161868,https://www.facebook.com/reel/1191456233161868/,https://www.facebook.com/profile.php?id=61585812725679&sk=reels_tab,2026-07-27,remaining,336,,,,
2365276493998872,https://www.facebook.com/reel/2365276493998872/,https://www.facebook.com/profile.php?id=61585812725679&sk=reels_tab,2026-07-27,remaining,337,,,,
1683761382838649,https://www.facebook.com/reel/1683761382838649/,https://www.facebook.com/profile.php?id=61585812725679&sk=reels_tab,2026-07-27,remaining,338,,,,
1801810627037815,https://www.facebook.com/reel/1801810627037815/,https://web.facebook.com/TheFabrikRestoration/reels/,2026-08-08,remaining,339,,,,
648701559676962,https://www.facebook.com/reel/648701559676962/,https://web.facebook.com/TheFabrikRestoration/reels/,2026-08-08,remaining,340,,,,
1303737158330226,https://www.facebook.com/reel/1303737158330226/,https://www.facebook.com/linguoermechanic/reels/,2026-07-27,remaining,341,,,,
2596132224027040,https://www.facebook.com/reel/2596132224027040/,https://www.facebook.com/linguoermechanic/reels/,2026-07-27,remaining,342,,,,
1791912541409654,https://www.facebook.com/reel/1791912541409654/,https://www.facebook.com/linguoermechanic/reels/,2026-07-27,remaining,343,,,,
1210447032993545,https://www.facebook.com/reel/1210447032993545/,https://web.facebook.com/TheFabrikRestoration/reels/,2026-08-08,remaining,344,,,,
1441652186879073,https://www.facebook.com/reel/1441652186879073/,https://www.facebook.com/linguoermechanic/reels/,2026-07-27,remaining,345,,,,
27267174372884418,https://www.facebook.com/reel/27267174372884418/,https://www.facebook.com/profile.php?id=61585812725679&sk=reels_tab,2026-07-27,remaining,346,,,,
1392969691985836,https://www.facebook.com/reel/1392969691985836/,https://www.facebook.com/linguoermechanic/reels/,2026-07-27,remaining,347,,,,
1113467964128026,https://www.facebook.com/reel/1113467964128026/,https://www.facebook.com/linguoermechanic/reels/,2026-07-27,remaining,348,,,,
27367740966155272,https://www.facebook.com/reel/27367740966155272/,https://www.facebook.com/profile.php?id=61585812725679&sk=reels_tab,2026-07-27,remaining,349,,,,
878426025343249,https://www.facebook.com/reel/878426025343249/,https://www.facebook.com/profile.php?id=61585812725679&sk=reels_tab,2026-07-27,remaining,350,,,,
1708333430377108,https://www.facebook.com/reel/1708333430377108/,https://www.facebook.com/profile.php?id=61585812725679&sk=reels_tab,2026-07-27,remaining,351,,,,
1105781383678846,https://www.facebook.com/reel/1105781383678846/,https://www.facebook.com/linguoermechanic/reels/,2026-07-27,remaining,352,,,,
1309982224444851,https://www.facebook.com/reel/1309982224444851/,https://www.facebook.com/profile.php?id=61585812725679&sk=reels_tab,2026-07-27,remaining,353,,,,
1487490106357533,https://www.facebook.com/reel/1487490106357533/,https://web.facebook.com/TheFabrikRestoration/reels/,2026-08-08,remaining,354,,,,
490191319499088,https://www.facebook.com/reel/490191319499088/,https://web.facebook.com/TheFabrikRestoration/reels/,2026-08-08,remaining,355,,,,
1751572671887604,https://www.facebook.com/reel/1751572671887604/,https://www.facebook.com/linguoermechanic/reels/,2026-07-27,remaining,356,,,,
1243745487183405,https://www.facebook.com/reel/1243745487183405/,https://www.facebook.com/linguoermechanic/reels/,2026-07-27,remaining,357,,,,
1657309734974796,https://www.facebook.com/reel/1657309734974796/,https://www.facebook.com/linguoermechanic/reels/,2026-07-27,remaining,358,,,,
1315558820442164,https://www.facebook.com/reel/1315558820442164/,https://www.facebook.com/profile.php?id=61585812725679&sk=reels_tab,2026-07-27,remaining,359,,,,
1369808601545892,https://www.facebook.com/reel/1369808601545892/,https://www.facebook.com/linguoermechanic/reels/,2026-07-27,remaining,360,,,,
548786123841310,https://www.facebook.com/reel/548786123841310/,https://www.facebook.com/linguoermechanic/reels/,2026-07-27,remaining,361,,,,
746575298034037,https://www.facebook.com/reel/746575298034037/,https://www.facebook.com/linguoermechanic/reels/,2026-07-27,remaining,362,,,,
709396995568616,https://www.facebook.com/reel/709396995568616/,https://www.facebook.com/linguoermechanic/reels/,2026-07-27,remaining,363,,,,
1141396028082531,https://www.facebook.com/reel/1141396028082531/,https://www.facebook.com/profile.php?id=61585812725679&sk=reels_tab,2026-07-27,remaining,364,,,,
1775719076726858,https://www.facebook.com/reel/1775719076726858/,https://www.facebook.com/linguoermechanic/reels/,2026-07-27,remaining,365,,,,
1056698485333638,https://www.facebook.com/reel/1056698485333638/,https://www.facebook.com/linguoermechanic/reels/,2026-07-27,remaining,366,,,,
2241066096433175,https://www.facebook.com/reel/2241066096433175/,https://www.facebook.com/profile.php?id=61585812725679&sk=reels_tab,2026-07-27,remaining,367,,,,
870853971911105,https://www.facebook.com/reel/870853971911105/,https://www.facebook.com/linguoermechanic/reels/,2026-07-27,remaining,368,,,,
631782975917496,https://www.facebook.com/reel/631782975917496/,https://www.facebook.com/linguoermechanic/reels/,2026-07-27,remaining,369,,,,
1186450267002410,https://www.facebook.com/reel/1186450267002410/,https://web.facebook.com/TheFabrikRestoration/reels/,2026-08-08,remaining,370,,,,
603159719159127,https://www.facebook.com/reel/603159719159127/,https://www.facebook.com/linguoermechanic/reels/,2026-07-27,remaining,371,,,,
1037325892033868,https://www.facebook.com/reel/1037325892033868/,https://www.facebook.com/profile.php?id=61585812725679&sk=reels_tab,2026-07-27,remaining,372,,,,
1776577626348467,https://www.facebook.com/reel/1776577626348467/,https://www.facebook.com/linguoermechanic/reels/,2026-07-27,remaining,373,,,,
1416749373804103,https://www.facebook.com/reel/1416749373804103/,https://www.facebook.com/profile.php?id=61585812725679&sk=reels_tab,2026-07-27,remaining,374,,,,
2059363044934651,https://www.facebook.com/reel/2059363044934651/,https://www.facebook.com/profile.php?id=61585812725679&sk=reels_tab,2026-07-27,remaining,375,,,,
1998837057439508,https://www.facebook.com/reel/1998837057439508/,https://www.facebook.com/profile.php?id=61585812725679&sk=reels_tab,2026-07-27,remaining,376,,,,
393318905595926,https://www.facebook.com/reel/393318905595926/,https://web.facebook.com/TheFabrikRestoration/reels/,2026-08-08,remaining,377,,,,
649751289976302,https://www.facebook.com/reel/649751289976302/,https://www.facebook.com/linguoermechanic/reels/,2026-07-27,remaining,378,,,,
1586862158962451,https://www.facebook.com/reel/1586862158962451/,https://www.facebook.com/linguoermechanic/reels/,2026-07-27,remaining,379,,,,
3500038726964782,https://www.facebook.com/reel/3500038726964782/,https://www.facebook.com/linguoermechanic/reels/,2026-07-27,remaining,380,,,,
1246804983271784,https://www.facebook.com/reel/1246804983271784/,https://www.facebook.com/linguoermechanic/reels/,2026-07-27,remaining,381,,,,
1926036485450697,https://www.facebook.com/reel/1926036485450697/,https://www.facebook.com/profile.php?id=61585812725679&sk=reels_tab,2026-07-27,remaining,382,,,,
1466687528121608,https://www.facebook.com/reel/1466687528121608/,https://www.facebook.com/profile.php?id=61585812725679&sk=reels_tab,2026-07-27,remaining,383,,,,
2127573394740491,https://www.facebook.com/reel/2127573394740491/,https://www.facebook.com/profile.php?id=61585812725679&sk=reels_tab,2026-07-27,remaining,384,,,,
477973673744572,https://www.facebook.com/reel/477973673744572/,https://www.facebook.com/linguoermechanic/reels/,2026-07-27,remaining,385,,,,
944909098354635,https://www.facebook.com/reel/944909098354635/,https://www.facebook.com/profile.php?id=61585812725679&sk=reels_tab,2026-07-27,remaining,386,,,,
2166328313935428,https://www.facebook.com/reel/2166328313935428/,https://www.facebook.com/profile.php?id=61585812725679&sk=reels_tab,2026-07-27,remaining,387,,,,
480292034015209,https://www.facebook.com/reel/480292034015209/,https://www.facebook.com/linguoermechanic/reels/,2026-07-27,remaining,388,,,,
2077742722618723,https://www.facebook.com/reel/2077742722618723/,https://www.facebook.com/linguoermechanic/reels/,2026-07-27,remaining,389,,,,
1543284759964443,https://www.facebook.com/reel/1543284759964443/,https://web.facebook.com/TheFabrikRestoration/reels/,2026-08-08,remaining,390,,,,
344928751292236,https://www.facebook.com/reel/344928751292236/,https://web.facebook.com/TheFabrikRestoration/reels/,2026-08-08,remaining,391,,,,
1269178247896544,https://www.facebook.com/reel/1269178247896544/,https://www.facebook.com/linguoermechanic/reels/,2026-07-27,remaining,392,,,,
1561856855025188,https://www.facebook.com/reel/1561856855025188/,https://www.facebook.com/linguoermechanic/reels/,2026-07-27,remaining,393,,,,
318400207588170,https://www.facebook.com/reel/318400207588170/,https://web.facebook.com/TheFabrikRestoration/reels/,2026-08-08,remaining,394,,,,
1522260749492445,https://www.facebook.com/reel/1522260749492445/,https://www.facebook.com/linguoermechanic/reels/,2026-07-27,remaining,395,,,,
2601067857078986,https://www.facebook.com/reel/2601067857078986/,https://www.facebook.com/profile.php?id=61585812725679&sk=reels_tab,2026-07-27,remaining,396,,,,
2004429900187992,https://www.facebook.com/reel/2004429900187992/,https://www.facebook.com/profile.php?id=61585812725679&sk=reels_tab,2026-07-27,remaining,397,,,,
1201089650513733,https://www.facebook.com/reel/1201089650513733/,https://www.facebook.com/linguoermechanic/reels/,2026-07-27,remaining,398,,,,
1900163647387182,https://www.facebook.com/reel/1900163647387182/,https://www.facebook.com/linguoermechanic/reels/,2026-07-27,remaining,399,,,,
1011390851783619,https://www.facebook.com/reel/1011390851783619/,https://web.facebook.com/TheFabrikRestoration/reels/,2026-08-08,remaining,400,,,,
788202417690665,https://www.facebook.com/reel/788202417690665/,https://www.facebook.com/profile.php?id=61585812725679&sk=reels_tab,2026-07-27,remaining,401,,,,
1243674247434839,https://www.facebook.com/reel/1243674247434839/,https://www.facebook.com/linguoermechanic/reels/,2026-07-27,remaining,402,,,,
859721588573850,https://www.facebook.com/reel/859721588573850/,https://www.facebook.com/linguoermechanic/reels/,2026-07-27,remaining,403,,,,
1221661045754563,https://www.facebook.com/reel/1221661045754563/,https://www.facebook.com/linguoermechanic/reels/,2026-07-27,remaining,404,,,,
3221504328048220,https://www.facebook.com/reel/3221504328048220/,https://www.facebook.com/profile.php?id=61585812725679&sk=reels_tab,2026-07-27,remaining,405,,,,
2138112703194492,https://www.facebook.com/reel/2138112703194492/,https://www.facebook.com/linguoermechanic/reels/,2026-07-27,remaining,406,,,,
1160290196017941,https://www.facebook.com/reel/1160290196017941/,https://www.facebook.com/linguoermechanic/reels/,2026-07-27,remaining,407,,,,
1400245095143195,https://www.facebook.com/reel/1400245095143195/,https://web.facebook.com/TheFabrikRestoration/reels/,2026-08-08,remaining,408,,,,
983045661350805,https://www.facebook.com/reel/983045661350805/,https://www.facebook.com/linguoermechanic/reels/,2026-07-27,remaining,409,,,,
913593641022500,https://www.facebook.com/reel/913593641022500/,https://www.facebook.com/profile.php?id=61585812725679&sk=reels_tab,2026-07-27,remaining,410,,,,
1183374996640919,https://www.facebook.com/reel/1183374996640919/,https://www.facebook.com/linguoermechanic/reels/,2026-07-27,remaining,411,,,,
2143557873046432,https://www.facebook.com/reel/2143557873046432/,https://www.facebook.com/profile.php?id=61585812725679&sk=reels_tab,2026-07-27,remaining,412,,,,
638471572626057,https://www.facebook.com/reel/638471572626057/,https://www.facebook.com/linguoermechanic/reels/,2026-07-27,remaining,413,,,,
1181053326686270,https://www.facebook.com/reel/1181053326686270/,https://www.facebook.com/linguoermechanic/reels/,2026-07-27,remaining,414,,,,
797432181849689,https://www.facebook.com/reel/797432181849689/,https://web.facebook.com/TheFabrikRestoration/reels/,2026-08-08,remaining,415,,,,
848790994160713,https://www.facebook.com/reel/848790994160713/,https://www.facebook.com/profile.php?id=61585812725679&sk=reels_tab,2026-07-27,remaining,416,,,,
918007363069916,https://www.facebook.com/reel/918007363069916/,https://www.facebook.com/linguoermechanic/reels/,2026-07-27,remaining,417,,,,
2543528669396940,https://www.facebook.com/reel/2543528669396940/,https://www.facebook.com/profile.php?id=61585812725679&sk=reels_tab,2026-07-27,remaining,418,,,,
278897367786721,https://www.facebook.com/reel/278897367786721/,https://www.facebook.com/linguoermechanic/reels/,2026-07-27,remaining,419,,,,
1370347991000716,https://www.facebook.com/reel/1370347991000716/,https://www.facebook.com/linguoermechanic/reels/,2026-07-27,remaining,420,,,,
939802091472846,https://www.facebook.com/reel/939802091472846/,https://www.facebook.com/linguoermechanic/reels/,2026-07-27,remaining,421,,,,
839076088406707,https://www.facebook.com/reel/839076088406707/,https://www.facebook.com/linguoermechanic/reels/,2026-07-27,remaining,422,,,,
1620266559380412,https://www.facebook.com/reel/1620266559380412/,https://web.facebook.com/TheFabrikRestoration/reels/,2026-08-08,remaining,423,,,,
1638368394163535,https://www.facebook.com/reel/1638368394163535/,https://www.facebook.com/linguoermechanic/reels/,2026-07-27,remaining,424,,,,
737373037776415,https://www.facebook.com/reel/737373037776415/,https://www.facebook.com/linguoermechanic/reels/,2026-07-27,remaining,425,,,,
939787021626620,https://www.facebook.com/reel/939787021626620/,https://web.facebook.com/TheFabrikRestoration/reels/,2026-08-08,remaining,426,,,,
297134360079410,https://www.facebook.com/reel/297134360079410/,https://web.facebook.com/TheFabrikRestoration/reels/,2026-08-08,remaining,427,,,,
693539908658225,https://www.facebook.com/reel/693539908658225/,https://web.facebook.com/TheFabrikRestoration/reels/,2026-08-08,remaining,428,,,,
1573248003720506,https://www.facebook.com/reel/1573248003720506/,https://www.facebook.com/profile.php?id=61585812725679&sk=reels_tab,2026-07-27,remaining,429,,,,
1199813055203064,https://www.facebook.com/reel/1199813055203064/,https://www.facebook.com/linguoermechanic/reels/,2026-07-27,remaining,430,,,,
869244455083021,https://www.facebook.com/reel/869244455083021/,https://www.facebook.com/linguoermechanic/reels/,2026-07-27,remaining,431,,,,
792032320533143,https://www.facebook.com/reel/792032320533143/,https://web.facebook.com/TheFabrikRestoration/reels/,2026-08-08,remaining,432,,,,
1820233395252851,https://www.facebook.com/reel/1820233395252851/,https://www.facebook.com/linguoermechanic/reels/,2026-07-27,remaining,433,,,,
1582836222937513,https://www.facebook.com/reel/1582836222937513/,https://www.facebook.com/profile.php?id=61585812725679&sk=reels_tab,2026-07-27,remaining,434,,,,
2774253282941710,https://www.facebook.com/reel/2774253282941710/,https://www.facebook.com/profile.php?id=61585812725679&sk=reels_tab,2026-07-27,remaining,435,,,,
1433780158448424,https://www.facebook.com/reel/1433780158448424/,https://www.facebook.com/profile.php?id=61585812725679&sk=reels_tab,2026-07-27,remaining,436,,,,
1028490761873396,https://www.facebook.com/reel/1028490761873396/,https://www.facebook.com/linguoermechanic/reels/,2026-07-27,remaining,437,,,,
436090689351153,https://www.facebook.com/reel/436090689351153/,https://www.facebook.com/linguoermechanic/reels/,2026-07-27,remaining,438,,,,
1289224936641847,https://www.facebook.com/reel/1289224936641847/,https://www.facebook.com/profile.php?id=61585812725679&sk=reels_tab,2026-07-27,remaining,439,,,,
1283034177084533,https://www.facebook.com/reel/1283034177084533/,https://www.facebook.com/profile.php?id=61585812725679&sk=reels_tab,2026-07-27,remaining,440,,,,
1588859772658203,https://www.facebook.com/reel/1588859772658203/,https://www.facebook.com/profile.php?id=61585812725679&sk=reels_tab,2026-07-27,remaining,441,,,,
1315628776126593,https://www.facebook.com/reel/1315628776126593/,https://www.facebook.com/linguoermechanic/reels/,2026-07-27,remaining,442,,,,
1037324022282381,https://www.facebook.com/reel/1037324022282381/,https://www.facebook.com/profile.php?id=61585812725679&sk=reels_tab,2026-07-27,remaining,443,,,,
574936728372977,https://www.facebook.com/reel/574936728372977/,https://www.facebook.com/linguoermechanic/reels/,2026-07-27,remaining,444,,,,
680643700358941,https://www.facebook.com/reel/680643700358941/,https://www.facebook.com/linguoermechanic/reels/,2026-07-27,remaining,445,,,,
1502968767782545,https://www.facebook.com/reel/1502968767782545/,https://web.facebook.com/TheFabrikRestoration/reels/,2026-08-08,remaining,446,,,,
877177021609770,https://www.facebook.com/reel/877177021609770/,https://web.facebook.com/TheFabrikRestoration/reels/,2026-08-08,remaining,447,,,,
1252113845488070,https://www.facebook.com/reel/1252113845488070/,https://www.facebook.com/linguoermechanic/reels/,2026-07-27,remaining,448,,,,
1558355579384124,https://www.facebook.com/reel/1558355579384124/,https://www.facebook.com/linguoermechanic/reels/,2026-07-27,remaining,449,,,,
4943073495917043,https://www.facebook.com/reel/4943073495917043/,https://www.facebook.com/linguoermechanic/reels/,2026-07-27,remaining,450,,,,
1008799144735697,https://www.facebook.com/reel/1008799144735697/,https://web.facebook.com/TheFabrikRestoration/reels/,2026-08-08,remaining,451,,,,
3836500849950075,https://www.facebook.com/reel/3836500849950075/,https://www.facebook.com/linguoermechanic/reels/,2026-07-27,remaining,452,,,,
2290359208375874,https://www.facebook.com/reel/2290359208375874/,https://www.facebook.com/profile.php?id=61585812725679&sk=reels_tab,2026-07-27,remaining,453,,,,
796661496804312,https://www.facebook.com/reel/796661496804312/,https://web.facebook.com/TheFabrikRestoration/reels/,2026-08-08,remaining,454,,,,
1546076576707846,https://www.facebook.com/reel/1546076576707846/,https://www.facebook.com/linguoermechanic/reels/,2026-07-27,remaining,455,,,,
1356133469718069,https://www.facebook.com/reel/1356133469718069/,https://www.facebook.com/profile.php?id=61585812725679&sk=reels_tab,2026-07-27,remaining,456,,,,
1487011398940453,https://www.facebook.com/reel/1487011398940453/,https://web.facebook.com/TheFabrikRestoration/reels/,2026-08-08,remaining,457,,,,
1979001599690667,https://www.facebook.com/reel/1979001599690667/,https://www.facebook.com/linguoermechanic/reels/,2026-07-27,remaining,458,,,,
1035359789355382,https://www.facebook.com/reel/1035359789355382/,https://www.facebook.com/profile.php?id=61585812725679&sk=reels_tab,2026-07-27,remaining,459,,,,
1288917776210579,https://www.facebook.com/reel/1288917776210579/,https://www.facebook.com/linguoermechanic/reels/,2026-07-27,remaining,460,,,,
812478423219115,https://www.facebook.com/reel/812478423219115/,https://www.facebook.com/linguoermechanic/reels/,2026-07-27,remaining,461,,,,
899614242012948,https://www.facebook.com/reel/899614242012948/,https://web.facebook.com/TheFabrikRestoration/reels/,2026-08-08,remaining,462,,,,
431132751739880,https://www.facebook.com/reel/431132751739880/,https://web.facebook.com/TheFabrikRestoration/reels/,2026-08-08,remaining,463,,,,
581853978026700,https://www.facebook.com/reel/581853978026700/,https://www.facebook.com/linguoermechanic/reels/,2026-07-27,remaining,464,,,,
1751070972258405,https://www.facebook.com/reel/1751070972258405/,https://www.facebook.com/linguoermechanic/reels/,2026-07-27,remaining,465,,,,
884593357319184,https://www.facebook.com/reel/884593357319184/,https://web.facebook.com/TheFabrikRestoration/reels/,2026-08-08,remaining,466,,,,
1913082246005226,https://www.facebook.com/reel/1913082246005226/,https://www.facebook.com/profile.php?id=61585812725679&sk=reels_tab,2026-07-27,remaining,467,,,,
977373934850338,https://www.facebook.com/reel/977373934850338/,https://www.facebook.com/profile.php?id=61585812725679&sk=reels_tab,2026-07-27,remaining,468,,,,
1752012102605511,https://www.facebook.com/reel/1752012102605511/,https://www.facebook.com/profile.php?id=61585812725679&sk=reels_tab,2026-07-27,remaining,469,,,,
541002728471765,https://www.facebook.com/reel/541002728471765/,https://www.facebook.com/linguoermechanic/reels/,2026-07-27,remaining,470,,,,
1349380557334583,https://www.facebook.com/reel/1349380557334583/,https://www.facebook.com/profile.php?id=61585812725679&sk=reels_tab,2026-07-27,remaining,471,,,,
1377714163933371,https://www.facebook.com/reel/1377714163933371/,https://www.facebook.com/linguoermechanic/reels/,2026-07-27,remaining,472,,,,
1453737549525465,https://www.facebook.com/reel/1453737549525465/,https://www.facebook.com/profile.php?id=61585812725679&sk=reels_tab,2026-07-27,remaining,473,,,,
1486584309726702,https://www.facebook.com/reel/1486584309726702/,https://www.facebook.com/profile.php?id=61585812725679&sk=reels_tab,2026-07-27,remaining,474,,,,
1735545467761070,https://www.facebook.com/reel/1735545467761070/,https://www.facebook.com/profile.php?id=61585812725679&sk=reels_tab,2026-07-27,remaining,475,,,,
993808559916371,https://www.facebook.com/reel/993808559916371/,https://www.facebook.com/profile.php?id=61585812725679&sk=reels_tab,2026-07-27,remaining,476,,,,
1747645689536413,https://www.facebook.com/reel/1747645689536413/,https://www.facebook.com/profile.php?id=61585812725679&sk=reels_tab,2026-07-27,remaining,477,,,,
671866547578137,https://www.facebook.com/reel/671866547578137/,https://www.facebook.com/linguoermechanic/reels/,2026-07-27,remaining,478,,,,
1234168415350606,https://www.facebook.com/reel/1234168415350606/,https://www.facebook.com/linguoermechanic/reels/,2026-07-27,remaining,479,,,,
1679900479678500,https://www.facebook.com/reel/1679900479678500/,https://www.facebook.com/profile.php?id=61585812725679&sk=reels_tab,2026-07-27,remaining,480,,,,
1010648933571931,https://www.facebook.com/reel/1010648933571931/,https://www.facebook.com/linguoermechanic/reels/,2026-07-27,remaining,481,,,,
1778492156922387,https://www.facebook.com/reel/1778492156922387/,https://www.facebook.com/profile.php?id=61585812725679&sk=reels_tab,2026-07-27,remaining,482,,,,
1303671374620054,https://www.facebook.com/reel/1303671374620054/,https://www.facebook.com/profile.php?id=61585812725679&sk=reels_tab,2026-07-27,remaining,483,,,,
1105392621509691,https://www.facebook.com/reel/1105392621509691/,https://www.facebook.com/linguoermechanic/reels/,2026-07-27,remaining,484,,,,
688192210616250,https://www.facebook.com/reel/688192210616250/,https://www.facebook.com/linguoermechanic/reels/,2026-07-27,remaining,485,,,,
2223325535147732,https://www.facebook.com/reel/2223325535147732/,https://www.facebook.com/profile.php?id=61585812725679&sk=reels_tab,2026-07-27,remaining,486,,,,
950088662902706,https://www.facebook.com/reel/950088662902706/,https://web.facebook.com/TheFabrikRestoration/reels/,2026-08-08,remaining,487,,,,
1140317787195269,https://www.facebook.com/reel/1140317787195269/,https://www.facebook.com/linguoermechanic/reels/,2026-07-27,remaining,488,,,,
2691084051079440,https://www.facebook.com/reel/2691084051079440/,https://www.facebook.com/linguoermechanic/reels/,2026-07-27,remaining,489,,,,
921646890654494,https://www.facebook.com/reel/921646890654494/,https://www.facebook.com/profile.php?id=61585812725679&sk=reels_tab,2026-07-27,remaining,490,,,,
2070707777137889,https://www.facebook.com/reel/2070707777137889/,https://www.facebook.com/profile.php?id=61585812725679&sk=reels_tab,2026-07-27,remaining,491,,,,
936758218126179,https://www.facebook.com/reel/936758218126179/,https://www.facebook.com/linguoermechanic/reels/,2026-07-27,remaining,492,,,,
792320169931420,https://www.facebook.com/reel/792320169931420/,https://www.facebook.com/linguoermechanic/reels/,2026-07-27,remaining,493,,,,
699825105723755,https://www.facebook.com/reel/699825105723755/,https://www.facebook.com/linguoermechanic/reels/,2026-07-27,remaining,494,,,,
742501134884794,https://www.facebook.com/reel/742501134884794/,https://www.facebook.com/linguoermechanic/reels/,2026-07-27,remaining,495,,,,
917684249603044,https://www.facebook.com/reel/917684249603044/,https://www.facebook.com/linguoermechanic/reels/,2026-07-27,remaining,496,,,,
803344184343335,https://www.facebook.com/reel/803344184343335/,https://www.facebook.com/linguoermechanic/reels/,2026-07-27,remaining,497,,,,
760699391887373,https://www.facebook.com/reel/760699391887373/,https://www.facebook.com/linguoermechanic/reels/,2026-07-27,remaining,498,,,,
1424678892307289,https://www.facebook.com/reel/1424678892307289/,https://www.facebook.com/linguoermechanic/reels/,2026-07-27,remaining,499,,,,
2045750002718009,https://www.facebook.com/reel/2045750002718009/,https://www.facebook.com/linguoermechanic/reels/,2026-07-27,remaining,500,,,,
1568803637852233,https://www.facebook.com/reel/1568803637852233/,https://web.facebook.com/TheFabrikRestoration/reels/,2026-08-08,remaining,501,,,,
989676727062186,https://www.facebook.com/reel/989676727062186/,https://www.facebook.com/profile.php?id=61585812725679&sk=reels_tab,2026-07-27,remaining,502,,,,
887648679881079,https://www.facebook.com/reel/887648679881079/,https://www.facebook.com/linguoermechanic/reels/,2026-07-27,remaining,503,,,,
2441326656060127,https://www.facebook.com/reel/2441326656060127/,https://www.facebook.com/linguoermechanic/reels/,2026-07-27,remaining,504,,,,
1529137941980136,https://www.facebook.com/reel/1529137941980136/,https://www.facebook.com/linguoermechanic/reels/,2026-07-27,remaining,505,,,,
927410543564398,https://www.facebook.com/reel/927410543564398/,https://www.facebook.com/profile.php?id=61585812725679&sk=reels_tab,2026-07-27,remaining,506,,,,
1128971059080576,https://www.facebook.com/reel/1128971059080576/,https://web.facebook.com/TheFabrikRestoration/reels/,2026-08-08,remaining,507,,,,
737966427283282,https://www.facebook.com/reel/737966427283282/,https://www.facebook.com/linguoermechanic/reels/,2026-07-27,remaining,508,,,,
1487874959469169,https://www.facebook.com/reel/1487874959469169/,https://www.facebook.com/profile.php?id=61585812725679&sk=reels_tab,2026-07-27,remaining,509,,,,
2444106549427609,https://www.facebook.com/reel/2444106549427609/,https://www.facebook.com/linguoermechanic/reels/,2026-07-27,remaining,510,,,,
1400887014005139,https://www.facebook.com/reel/1400887014005139/,https://web.facebook.com/TheFabrikRestoration/reels/,2026-08-08,remaining,511,,,,
776423844893705,https://www.facebook.com/reel/776423844893705/,https://web.facebook.com/TheFabrikRestoration/reels/,2026-08-08,remaining,512,,,,
2131525697348355,https://www.facebook.com/reel/2131525697348355/,https://www.facebook.com/linguoermechanic/reels/,2026-07-27,remaining,513,,,,
1877597332937711,https://www.facebook.com/reel/1877597332937711/,https://www.facebook.com/profile.php?id=61585812725679&sk=reels_tab,2026-07-27,remaining,514,,,,
449919121120071,https://www.facebook.com/reel/449919121120071/,https://www.facebook.com/linguoermechanic/reels/,2026-07-27,remaining,515,,,,
873490400755397,https://www.facebook.com/reel/873490400755397/,https://www.facebook.com/linguoermechanic/reels/,2026-07-27,remaining,516,,,,
4092349144388405,https://www.facebook.com/reel/4092349144388405/,https://web.facebook.com/TheFabrikRestoration/reels/,2026-08-08,remaining,517,,,,
1132119437651243,https://www.facebook.com/reel/1132119437651243/,https://www.facebook.com/linguoermechanic/reels/,2026-07-27,remaining,518,,,,
410083008786454,https://www.facebook.com/reel/410083008786454/,https://www.facebook.com/linguoermechanic/reels/,2026-07-27,remaining,519,,,,
968116989311537,https://www.facebook.com/reel/968116989311537/,https://www.facebook.com/profile.php?id=61585812725679&sk=reels_tab,2026-07-27,remaining,520,,,,
644449601397689,https://www.facebook.com/reel/644449601397689/,https://web.facebook.com/TheFabrikRestoration/reels/,2026-08-08,remaining,521,,,,
1304601541406850,https://www.facebook.com/reel/1304601541406850/,https://www.facebook.com/linguoermechanic/reels/,2026-07-27,remaining,522,,,,
1298070301756163,https://www.facebook.com/reel/1298070301756163/,https://www.facebook.com/linguoermechanic/reels/,2026-07-27,remaining,523,,,,
1522428969477381,https://www.facebook.com/reel/1522428969477381/,https://www.facebook.com/profile.php?id=61585812725679&sk=reels_tab,2026-07-27,remaining,524,,,,
2018742242335613,https://www.facebook.com/reel/2018742242335613/,https://www.facebook.com/profile.php?id=61585812725679&sk=reels_tab,2026-07-27,remaining,525,,,,
1007340708851811,https://www.facebook.com/reel/1007340708851811/,https://www.facebook.com/profile.php?id=61585812725679&sk=reels_tab,2026-07-27,remaining,526,,,,
1337211750191031,https://www.facebook.com/reel/1337211750191031/,https://web.facebook.com/TheFabrikRestoration/reels/,2026-08-08,remaining,527,,,,
1134120461720937,https://www.facebook.com/reel/1134120461720937/,https://web.facebook.com/TheFabrikRestoration/reels/,2026-08-08,remaining,528,,,,
1393989118021296,https://www.facebook.com/reel/1393989118021296/,https://www.facebook.com/linguoermechanic/reels/,2026-07-27,remaining,529,,,,
890466386040211,https://www.facebook.com/reel/890466386040211/,https://web.facebook.com/TheFabrikRestoration/reels/,2026-08-08,remaining,530,,,,
2776413816048803,https://www.facebook.com/reel/2776413816048803/,https://www.facebook.com/profile.php?id=61585812725679&sk=reels_tab,2026-07-27,remaining,531,,,,
850663864314359,https://www.facebook.com/reel/850663864314359/,https://www.facebook.com/linguoermechanic/reels/,2026-07-27,remaining,532,,,,
1270238281582529,https://www.facebook.com/reel/1270238281582529/,https://www.facebook.com/profile.php?id=61585812725679&sk=reels_tab,2026-07-27,remaining,533,,,,
678024817227897,https://www.facebook.com/reel/678024817227897/,https://www.facebook.com/linguoermechanic/reels/,2026-07-27,remaining,534,,,,
3273292032836638,https://www.facebook.com/reel/3273292032836638/,https://www.facebook.com/linguoermechanic/reels/,2026-07-27,remaining,535,,,,
1826650461320997,https://www.facebook.com/reel/1826650461320997/,https://www.facebook.com/linguoermechanic/reels/,2026-07-27,remaining,536,,,,
778267131398829,https://www.facebook.com/reel/778267131398829/,https://www.facebook.com/linguoermechanic/reels/,2026-07-27,remaining,537,,,,
690919980228173,https://www.facebook.com/reel/690919980228173/,https://www.facebook.com/linguoermechanic/reels/,2026-07-27,remaining,538,,,,
1052562717434722,https://www.facebook.com/reel/1052562717434722/,https://www.facebook.com/profile.php?id=61585812725679&sk=reels_tab,2026-07-27,remaining,539,,,,
1063773029075509,https://www.facebook.com/reel/1063773029075509/,https://www.facebook.com/linguoermechanic/reels/,2026-07-27,remaining,540,,,,
2809704555885220,https://www.facebook.com/reel/2809704555885220/,https://www.facebook.com/linguoermechanic/reels/,2026-07-27,remaining,541,,,,
1667910681226287,https://www.facebook.com/reel/1667910681226287/,https://web.facebook.com/TheFabrikRestoration/reels/,2026-08-08,remaining,542,,,,
844919081135282,https://www.facebook.com/reel/844919081135282/,https://web.facebook.com/TheFabrikRestoration/reels/,2026-08-08,remaining,543,,,,
338757305083096,https://www.facebook.com/reel/338757305083096/,https://www.facebook.com/linguoermechanic/reels/,2026-07-27,remaining,544,,,,
984987640348728,https://www.facebook.com/reel/984987640348728/,https://www.facebook.com/linguoermechanic/reels/,2026-07-27,remaining,545,,,,
948443427793534,https://www.facebook.com/reel/948443427793534/,https://www.facebook.com/profile.php?id=61585812725679&sk=reels_tab,2026-07-27,remaining,546,,,,
3583181818481629,https://www.facebook.com/reel/3583181818481629/,https://web.facebook.com/TheFabrikRestoration/reels/,2026-08-08,remaining,547,,,,
899863324357975,https://www.facebook.com/reel/899863324357975/,https://www.facebook.com/linguoermechanic/reels/,2026-07-27,remaining,548,,,,
1297909212469583,https://www.facebook.com/reel/1297909212469583/,https://web.facebook.com/TheFabrikRestoration/reels/,2026-08-08,remaining,549,,,,
1178729446483564,https://www.facebook.com/reel/1178729446483564/,https://www.facebook.com/linguoermechanic/reels/,2026-07-27,remaining,550,,,,
1028288703385471,https://www.facebook.com/reel/1028288703385471/,https://web.facebook.com/TheFabrikRestoration/reels/,2026-08-08,remaining,551,,,,
440311378020496,https://www.facebook.com/reel/440311378020496/,https://www.facebook.com/linguoermechanic/reels/,2026-07-27,remaining,552,,,,
2158618614711577,https://www.facebook.com/reel/2158618614711577/,https://www.facebook.com/profile.php?id=61585812725679&sk=reels_tab,2026-07-27,remaining,553,,,,
1108289693859755,https://www.facebook.com/reel/1108289693859755/,https://web.facebook.com/TheFabrikRestoration/reels/,2026-08-08,remaining,554,,,,
3896735233902386,https://www.facebook.com/reel/3896735233902386/,https://www.facebook.com/linguoermechanic/reels/,2026-07-27,remaining,555,,,,
26963724826577548,https://www.facebook.com/reel/26963724826577548/,https://www.facebook.com/profile.php?id=61585812725679&sk=reels_tab,2026-07-27,remaining,556,,,,
1900552837325771,https://www.facebook.com/reel/1900552837325771/,https://www.facebook.com/profile.php?id=61585812725679&sk=reels_tab,2026-07-27,remaining,557,,,,
5621015741318462,https://www.facebook.com/reel/5621015741318462/,https://www.facebook.com/linguoermechanic/reels/,2026-07-27,remaining,558,,,,
756250730744404,https://www.facebook.com/reel/756250730744404/,https://www.facebook.com/linguoermechanic/reels/,2026-07-27,remaining,559,,,,
7272869612826195,https://www.facebook.com/reel/7272869612826195/,https://www.facebook.com/linguoermechanic/reels/,2026-07-27,remaining,560,,,,
943856065096856,https://www.facebook.com/reel/943856065096856/,https://www.facebook.com/profile.php?id=61585812725679&sk=reels_tab,2026-07-27,remaining,561,,,,
1075797429584972,https://www.facebook.com/reel/1075797429584972/,https://web.facebook.com/TheFabrikRestoration/reels/,2026-08-08,remaining,562,,,,
542293381876718,https://www.facebook.com/reel/542293381876718/,https://www.facebook.com/linguoermechanic/reels/,2026-07-27,remaining,563,,,,
1950677232063971,https://www.facebook.com/reel/1950677232063971/,https://www.facebook.com/linguoermechanic/reels/,2026-07-27,remaining,564,,,,
736692666091488,https://www.facebook.com/reel/736692666091488/,https://www.facebook.com/linguoermechanic/reels/,2026-07-27,remaining,565,,,,
1620014149036143,https://www.facebook.com/reel/1620014149036143/,https://www.facebook.com/linguoermechanic/reels/,2026-07-27,remaining,566,,,,
758940483150822,https://www.facebook.com/reel/758940483150822/,https://web.facebook.com/TheFabrikRestoration/reels/,2026-08-08,remaining,567,,,,
944904443241557,https://www.facebook.com/reel/944904443241557/,https://www.facebook.com/linguoermechanic/reels/,2026-07-27,remaining,568,,,,
1578237606582261,https://www.facebook.com/reel/1578237606582261/,https://www.facebook.com/profile.php?id=61585812725679&sk=reels_tab,2026-07-27,remaining,569,,,,
1344886181112057,https://www.facebook.com/reel/1344886181112057/,https://www.facebook.com/profile.php?id=61585812725679&sk=reels_tab,2026-07-27,remaining,570,,,,
373234944972878,https://www.facebook.com/reel/373234944972878/,https://web.facebook.com/TheFabrikRestoration/reels/,2026-08-08,remaining,571,,,,
466561708931010,https://www.facebook.com/reel/466561708931010/,https://web.facebook.com/TheFabrikRestoration/reels/,2026-08-08,remaining,572,,,,
568040984668916,https://www.facebook.com/reel/568040984668916/,https://www.facebook.com/linguoermechanic/reels/,2026-07-27,remaining,573,,,,
987899073869400,https://www.facebook.com/reel/987899073869400/,https://www.facebook.com/profile.php?id=61585812725679&sk=reels_tab,2026-07-27,remaining,574,,,,
1719789656136579,https://www.facebook.com/reel/1719789656136579/,https://www.facebook.com/profile.php?id=61585812725679&sk=reels_tab,2026-07-27,remaining,575,,,,
1249488616404426,https://www.facebook.com/reel/1249488616404426/,https://www.facebook.com/linguoermechanic/reels/,2026-07-27,remaining,576,,,,
894697449803949,https://www.facebook.com/reel/894697449803949/,https://www.facebook.com/profile.php?id=61585812725679&sk=reels_tab,2026-07-27,remaining,577,,,,
1225418884906611,https://www.facebook.com/reel/1225418884906611/,https://www.facebook.com/linguoermechanic/reels/,2026-07-27,remaining,578,,,,
636812545285567,https://www.facebook.com/reel/636812545285567/,https://www.facebook.com/linguoermechanic/reels/,2026-07-27,remaining,579,,,,
1423620839566855,https://www.facebook.com/reel/1423620839566855/,https://www.facebook.com/profile.php?id=61585812725679&sk=reels_tab,2026-07-27,remaining,580,,,,
904100604980399,https://www.facebook.com/reel/904100604980399/,https://www.facebook.com/linguoermechanic/reels/,2026-07-27,remaining,581,,,,
572192765869355,https://www.facebook.com/reel/572192765869355/,https://www.facebook.com/linguoermechanic/reels/,2026-07-27,remaining,582,,,,
864902369300140,https://www.facebook.com/reel/864902369300140/,https://www.facebook.com/linguoermechanic/reels/,2026-07-27,remaining,583,,,,
1458941878345646,https://www.facebook.com/reel/1458941878345646/,https://www.facebook.com/linguoermechanic/reels/,2026-07-27,remaining,584,,,,
24721807144119427,https://www.facebook.com/reel/24721807144119427/,https://www.facebook.com/linguoermechanic/reels/,2026-07-27,remaining,585,,,,
714382063199572,https://www.facebook.com/reel/714382063199572/,https://www.facebook.com/linguoermechanic/reels/,2026-07-27,remaining,586,,,,
2304286526404251,https://www.facebook.com/reel/2304286526404251/,https://www.facebook.com/linguoermechanic/reels/,2026-07-27,remaining,587,,,,
525719056386501,https://www.facebook.com/reel/525719056386501/,https://www.facebook.com/linguoermechanic/reels/,2026-07-27,remaining,588,,,,
27298030026449714,https://www.facebook.com/reel/27298030026449714/,https://www.facebook.com/linguoermechanic/reels/,2026-07-27,remaining,589,,,,
1530321108603815,https://www.facebook.com/reel/1530321108603815/,https://www.facebook.com/profile.php?id=61585812725679&sk=reels_tab,2026-07-27,remaining,590,,,,
393991463553428,https://www.facebook.com/reel/393991463553428/,https://www.facebook.com/linguoermechanic/reels/,2026-07-27,remaining,591,,,,
6429476213834394,https://www.facebook.com/reel/6429476213834394/,https://web.facebook.com/TheFabrikRestoration/reels/,2026-08-08,remaining,592,,,,
1374758413356252,https://www.facebook.com/reel/1374758413356252/,https://www.facebook.com/linguoermechanic/reels/,2026-07-27,remaining,593,,,,
861547060298553,https://www.facebook.com/reel/861547060298553/,https://www.facebook.com/profile.php?id=61585812725679&sk=reels_tab,2026-07-27,remaining,594,,,,
2069355463928908,https://www.facebook.com/reel/2069355463928908/,https://www.facebook.com/profile.php?id=61585812725679&sk=reels_tab,2026-07-27,remaining,595,,,,
1016216019346941,https://www.facebook.com/reel/1016216019346941/,https://www.facebook.com/linguoermechanic/reels/,2026-07-27,remaining,596,,,,
1247546466565262,https://www.facebook.com/reel/1247546466565262/,https://www.facebook.com/linguoermechanic/reels/,2026-07-27,remaining,597,,,,
518056607622472,https://www.facebook.com/reel/518056607622472/,https://www.facebook.com/linguoermechanic/reels/,2026-07-27,remaining,598,,,,
5410331819019937,https://www.facebook.com/reel/5410331819019937/,https://www.facebook.com/linguoermechanic/reels/,2026-07-27,remaining,599,,,,
645546395006263,https://www.facebook.com/reel/645546395006263/,https://www.facebook.com/linguoermechanic/reels/,2026-07-27,remaining,600,,,,
869643132347008,https://www.facebook.com/reel/869643132347008/,https://www.facebook.com/profile.php?id=61585812725679&sk=reels_tab,2026-07-27,remaining,601,,,,
1980063505922172,https://www.facebook.com/reel/1980063505922172/,https://www.facebook.com/profile.php?id=61585812725679&sk=reels_tab,2026-07-27,remaining,602,,,,
1140709636990850,https://www.facebook.com/reel/1140709636990850/,https://www.facebook.com/linguoermechanic/reels/,2026-07-27,remaining,603,,,,
1360142955143395,https://www.facebook.com/reel/1360142955143395/,https://www.facebook.com/linguoermechanic/reels/,2026-07-27,remaining,604,,,,
1021349913722832,https://www.facebook.com/reel/1021349913722832/,https://www.facebook.com/profile.php?id=61585812725679&sk=reels_tab,2026-07-27,remaining,605,,,,
468945905700898,https://www.facebook.com/reel/468945905700898/,https://web.facebook.com/TheFabrikRestoration/reels/,2026-08-08,remaining,606,,,,
1299666835166577,https://www.facebook.com/reel/1299666835166577/,https://www.facebook.com/profile.php?id=61585812725679&sk=reels_tab,2026-07-27,remaining,607,,,,
772843838135142,https://www.facebook.com/reel/772843838135142/,https://www.facebook.com/linguoermechanic/reels/,2026-07-27,remaining,608,,,,
1381816443770440,https://www.facebook.com/reel/1381816443770440/,https://www.facebook.com/profile.php?id=61585812725679&sk=reels_tab,2026-07-27,remaining,609,,,,
1513496955764809,https://www.facebook.com/reel/1513496955764809/,https://www.facebook.com/linguoermechanic/reels/,2026-07-27,remaining,610,,,,
1249456493417870,https://www.facebook.com/reel/1249456493417870/,https://web.facebook.com/TheFabrikRestoration/reels/,2026-08-08,remaining,611,,,,
562813739959292,https://www.facebook.com/reel/562813739959292/,https://www.facebook.com/linguoermechanic/reels/,2026-07-27,remaining,612,,,,
787594977076640,https://www.facebook.com/reel/787594977076640/,https://web.facebook.com/TheFabrikRestoration/reels/,2026-08-08,remaining,613,,,,
729179113407664,https://www.facebook.com/reel/729179113407664/,https://www.facebook.com/linguoermechanic/reels/,2026-07-27,remaining,614,,,,
1232144982313999,https://www.facebook.com/reel/1232144982313999/,https://www.facebook.com/profile.php?id=61585812725679&sk=reels_tab,2026-07-27,remaining,615,,,,
1122080615815221,https://www.facebook.com/reel/1122080615815221/,https://www.facebook.com/linguoermechanic/reels/,2026-07-27,remaining,616,,,,
605436615986479,https://www.facebook.com/reel/605436615986479/,https://web.facebook.com/TheFabrikRestoration/reels/,2026-08-08,remaining,617,,,,
680912586677791,https://www.facebook.com/reel/680912586677791/,https://www.facebook.com/linguoermechanic/reels/,2026-07-27,remaining,618,,,,
1650056242877909,https://www.facebook.com/reel/1650056242877909/,https://www.facebook.com/profile.php?id=61585812725679&sk=reels_tab,2026-07-27,remaining,619,,,,
877755294818133,https://www.facebook.com/reel/877755294818133/,https://www.facebook.com/linguoermechanic/reels/,2026-07-27,remaining,620,,,,
1539815121019937,https://www.facebook.com/reel/1539815121019937/,https://www.facebook.com/linguoermechanic/reels/,2026-07-27,remaining,621,,,,
770151634236266,https://www.facebook.com/reel/770151634236266/,https://www.facebook.com/linguoermechanic/reels/,2026-07-27,remaining,622,,,,
1155948896086894,https://www.facebook.com/reel/1155948896086894/,https://www.facebook.com/linguoermechanic/reels/,2026-07-27,remaining,623,,,,
1468361271760465,https://www.facebook.com/reel/1468361271760465/,https://www.facebook.com/profile.php?id=61585812725679&sk=reels_tab,2026-07-27,remaining,624,,,,
8487268888026200,https://www.facebook.com/reel/8487268888026200/,https://www.facebook.com/linguoermechanic/reels/,2026-07-27,remaining,625,,,,
1613930749897300,https://www.facebook.com/reel/1613930749897300/,https://www.facebook.com/profile.php?id=61585812725679&sk=reels_tab,2026-07-27,remaining,626,,,,
1235416677834347,https://www.facebook.com/reel/1235416677834347/,https://web.facebook.com/TheFabrikRestoration/reels/,2026-08-08,remaining,627,,,,
1439442290945868,https://www.facebook.com/reel/1439442290945868/,https://www.facebook.com/linguoermechanic/reels/,2026-07-27,remaining,628,,,,
990861920197200,https://www.facebook.com/reel/990861920197200/,https://www.facebook.com/profile.php?id=61585812725679&sk=reels_tab,2026-07-27,remaining,629,,,,
2529439157467698,https://www.facebook.com/reel/2529439157467698/,https://www.facebook.com/profile.php?id=61585812725679&sk=reels_tab,2026-07-27,remaining,630,,,,
1488336028662486,https://www.facebook.com/reel/1488336028662486/,https://www.facebook.com/linguoermechanic/reels/,2026-07-27,remaining,631,,,,
1151664845449582,https://www.facebook.com/reel/1151664845449582/,https://www.facebook.com/linguoermechanic/reels/,2026-07-27,remaining,632,,,,
439012678836682,https://www.facebook.com/reel/439012678836682/,https://www.facebook.com/linguoermechanic/reels/,2026-07-27,remaining,633,,,,
3949362932043719,https://www.facebook.com/reel/3949362932043719/,https://www.facebook.com/linguoermechanic/reels/,2026-07-27,remaining,634,,,,
1555843948731873,https://www.facebook.com/reel/1555843948731873/,https://www.facebook.com/linguoermechanic/reels/,2026-07-27,remaining,635,,,,
5347710465326954,https://www.facebook.com/reel/5347710465326954/,https://www.facebook.com/linguoermechanic/reels/,2026-07-27,remaining,636,,,,
1321152806449012,https://www.facebook.com/reel/1321152806449012/,https://www.facebook.com/linguoermechanic/reels/,2026-07-27,remaining,637,,,,
2492131917872748,https://www.facebook.com/reel/2492131917872748/,https://www.facebook.com/profile.php?id=61585812725679&sk=reels_tab,2026-07-27,remaining,638,,,,
760122123777238,https://www.facebook.com/reel/760122123777238/,https://www.facebook.com/linguoermechanic/reels/,2026-07-27,remaining,639,,,,
2448333045568866,https://www.facebook.com/reel/2448333045568866/,https://www.facebook.com/linguoermechanic/reels/,2026-07-27,remaining,640,,,,
1590429335039567,https://www.facebook.com/reel/1590429335039567/,https://www.facebook.com/linguoermechanic/reels/,2026-07-27,remaining,641,,,,
1334722771337485,https://www.facebook.com/reel/1334722771337485/,https://www.facebook.com/linguoermechanic/reels/,2026-07-27,remaining,642,,,,
1557227262250416,https://www.facebook.com/reel/1557227262250416/,https://web.facebook.com/TheFabrikRestoration/reels/,2026-08-08,remaining,643,,,,
1031754966181335,https://www.facebook.com/reel/1031754966181335/,https://www.facebook.com/linguoermechanic/reels/,2026-07-27,remaining,644,,,,
916515508160718,https://www.facebook.com/reel/916515508160718/,https://www.facebook.com/profile.php?id=61585812725679&sk=reels_tab,2026-07-27,remaining,645,,,,
1151775946054352,https://www.facebook.com/reel/1151775946054352/,https://www.facebook.com/linguoermechanic/reels/,2026-07-27,remaining,646,,,,
551794681078293,https://www.facebook.com/reel/551794681078293/,https://www.facebook.com/linguoermechanic/reels/,2026-07-27,remaining,647,,,,
1132873435008292,https://www.facebook.com/reel/1132873435008292/,https://www.facebook.com/linguoermechanic/reels/,2026-07-27,remaining,648,,,,
1278588604024983,https://www.facebook.com/reel/1278588604024983/,https://web.facebook.com/TheFabrikRestoration/reels/,2026-08-08,remaining,649,,,,
2001756570447183,https://www.facebook.com/reel/2001756570447183/,https://www.facebook.com/profile.php?id=61585812725679&sk=reels_tab,2026-07-27,remaining,650,,,,
3373229946315811,https://www.facebook.com/reel/3373229946315811/,https://web.facebook.com/TheFabrikRestoration/reels/,2026-08-08,remaining,651,,,,
764135755560368,https://www.facebook.com/reel/764135755560368/,https://www.facebook.com/linguoermechanic/reels/,2026-07-27,remaining,652,,,,
1780886879973341,https://www.facebook.com/reel/1780886879973341/,https://www.facebook.com/linguoermechanic/reels/,2026-07-27,remaining,653,,,,
335996688803307,https://www.facebook.com/reel/335996688803307/,https://www.facebook.com/linguoermechanic/reels/,2026-07-27,remaining,654,,,,
1183960316063530,https://www.facebook.com/reel/1183960316063530/,https://www.facebook.com/linguoermechanic/reels/,2026-07-27,remaining,655,,,,
5255740447820463,https://www.facebook.com/reel/5255740447820463/,https://www.facebook.com/linguoermechanic/reels/,2026-07-27,remaining,656,,,,
2628798644163270,https://www.facebook.com/reel/2628798644163270/,https://www.facebook.com/linguoermechanic/reels/,2026-07-27,remaining,657,,,,
518825143626141,https://www.facebook.com/reel/518825143626141/,https://www.facebook.com/linguoermechanic/reels/,2026-07-27,remaining,658,,,,
581623714758085,https://www.facebook.com/reel/581623714758085/,https://web.facebook.com/TheFabrikRestoration/reels/,2026-08-08,remaining,659,,,,
1554944962458162,https://www.facebook.com/reel/1554944962458162/,https://www.facebook.com/linguoermechanic/reels/,2026-07-27,remaining,660,,,,
866457975053762,https://www.facebook.com/reel/866457975053762/,https://web.facebook.com/TheFabrikRestoration/reels/,2026-08-08,remaining,661,,,,
1102145228516374,https://www.facebook.com/reel/1102145228516374/,https://www.facebook.com/linguoermechanic/reels/,2026-07-27,remaining,662,,,,
991886646634044,https://www.facebook.com/reel/991886646634044/,https://www.facebook.com/linguoermechanic/reels/,2026-07-27,remaining,663,,,,
1607790790325107,https://www.facebook.com/reel/1607790790325107/,https://www.facebook.com/profile.php?id=61585812725679&sk=reels_tab,2026-07-27,remaining,664,,,,
1768194807886928,https://www.facebook.com/reel/1768194807886928/,https://www.facebook.com/profile.php?id=61585812725679&sk=reels_tab,2026-07-27,remaining,665,,,,
793735045266514,https://www.facebook.com/reel/793735045266514/,https://www.facebook.com/linguoermechanic/reels/,2026-07-27,remaining,666,,,,
1990627631497500,https://www.facebook.com/reel/1990627631497500/,https://www.facebook.com/profile.php?id=61585812725679&sk=reels_tab,2026-07-27,remaining,667,,,,
787687947379083,https://www.facebook.com/reel/787687947379083/,https://www.facebook.com/linguoermechanic/reels/,2026-07-27,remaining,668,,,,
959622936941075,https://www.facebook.com/reel/959622936941075/,https://www.facebook.com/profile.php?id=61585812725679&sk=reels_tab,2026-07-27,remaining,669,,,,
1508897390773006,https://www.facebook.com/reel/1508897390773006/,https://www.facebook.com/linguoermechanic/reels/,2026-07-27,remaining,670,,,,
835248448729970,https://www.facebook.com/reel/835248448729970/,https://www.facebook.com/linguoermechanic/reels/,2026-07-27,remaining,671,,,,
574102052111726,https://www.facebook.com/reel/574102052111726/,https://www.facebook.com/linguoermechanic/reels/,2026-07-27,remaining,672,,,,
1443537790718723,https://www.facebook.com/reel/1443537790718723/,https://www.facebook.com/profile.php?id=61585812725679&sk=reels_tab,2026-07-27,remaining,673,,,,
1074055038106735,https://www.facebook.com/reel/1074055038106735/,https://web.facebook.com/TheFabrikRestoration/reels/,2026-08-08,remaining,674,,,,
1742993936833139,https://www.facebook.com/reel/1742993936833139/,https://www.facebook.com/profile.php?id=61585812725679&sk=reels_tab,2026-07-27,remaining,675,,,,
655218933234157,https://www.facebook.com/reel/655218933234157/,https://www.facebook.com/linguoermechanic/reels/,2026-07-27,remaining,676,,,,
4383370031951084,https://www.facebook.com/reel/4383370031951084/,https://www.facebook.com/linguoermechanic/reels/,2026-07-27,remaining,677,,,,
976461165341403,https://www.facebook.com/reel/976461165341403/,https://www.facebook.com/profile.php?id=61585812725679&sk=reels_tab,2026-07-27,remaining,678,,,,
1298892865419853,https://www.facebook.com/reel/1298892865419853/,https://www.facebook.com/profile.php?id=61585812725679&sk=reels_tab,2026-07-27,remaining,679,,,,
1706987657117213,https://www.facebook.com/reel/1706987657117213/,https://www.facebook.com/profile.php?id=61585812725679&sk=reels_tab,2026-07-27,remaining,680,,,,
424777866196620,https://www.facebook.com/reel/424777866196620/,https://www.facebook.com/linguoermechanic/reels/,2026-07-27,remaining,681,,,,
302476785761345,https://www.facebook.com/reel/302476785761345/,https://www.facebook.com/linguoermechanic/reels/,2026-07-27,remaining,682,,,,
1853949215294789,https://www.facebook.com/reel/1853949215294789/,https://www.facebook.com/profile.php?id=61585812725679&sk=reels_tab,2026-07-27,remaining,683,,,,
1120519506267402,https://www.facebook.com/reel/1120519506267402/,https://www.facebook.com/linguoermechanic/reels/,2026-07-27,remaining,684,,,,
779834854082812,https://www.facebook.com/reel/779834854082812/,https://www.facebook.com/linguoermechanic/reels/,2026-07-27,remaining,685,,,,
3849211925406128,https://www.facebook.com/reel/3849211925406128/,https://www.facebook.com/linguoermechanic/reels/,2026-07-27,remaining,686,,,,
2191963181540951,https://www.facebook.com/reel/2191963181540951/,https://www.facebook.com/linguoermechanic/reels/,2026-07-27,remaining,687,,,,
2188725141894644,https://www.facebook.com/reel/2188725141894644/,https://www.facebook.com/profile.php?id=61585812725679&sk=reels_tab,2026-07-27,remaining,688,,,,
577425308677607,https://www.facebook.com/reel/577425308677607/,https://www.facebook.com/linguoermechanic/reels/,2026-07-27,remaining,689,,,,
1611652416501116,https://www.facebook.com/reel/1611652416501116/,https://www.facebook.com/profile.php?id=61585812725679&sk=reels_tab,2026-07-27,remaining,690,,,,
1245729701004577,https://www.facebook.com/reel/1245729701004577/,https://www.facebook.com/profile.php?id=61585812725679&sk=reels_tab,2026-07-27,remaining,691,,,,
1986398818559124,https://www.facebook.com/reel/1986398818559124/,https://www.facebook.com/linguoermechanic/reels/,2026-07-27,remaining,692,,,,
967334982756980,https://www.facebook.com/reel/967334982756980/,https://www.facebook.com/profile.php?id=61585812725679&sk=reels_tab,2026-07-27,remaining,693,,,,
1161602665459624,https://www.facebook.com/reel/1161602665459624/,https://web.facebook.com/TheFabrikRestoration/reels/,2026-08-08,remaining,694,,,,
791542986720827,https://www.facebook.com/reel/791542986720827/,https://www.facebook.com/linguoermechanic/reels/,2026-07-27,remaining,695,,,,
1008159478558003,https://www.facebook.com/reel/1008159478558003/,https://www.facebook.com/profile.php?id=61585812725679&sk=reels_tab,2026-07-27,remaining,696,,,,
1510176630766836,https://www.facebook.com/reel/1510176630766836/,https://www.facebook.com/profile.php?id=61585812725679&sk=reels_tab,2026-07-27,remaining,697,,,,
1193782852655505,https://www.facebook.com/reel/1193782852655505/,https://www.facebook.com/linguoermechanic/reels/,2026-07-27,remaining,698,,,,
1350798660552463,https://www.facebook.com/reel/1350798660552463/,https://www.facebook.com/profile.php?id=61585812725679&sk=reels_tab,2026-07-27,remaining,699,,,,
1415049276447503,https://www.facebook.com/reel/1415049276447503/,https://web.facebook.com/TheFabrikRestoration/reels/,2026-08-08,remaining,700,,,,
3303482826602823,https://www.facebook.com/reel/3303482826602823/,https://www.facebook.com/linguoermechanic/reels/,2026-07-27,remaining,701,,,,
270945095853189,https://www.facebook.com/reel/270945095853189/,https://www.facebook.com/linguoermechanic/reels/,2026-07-27,remaining,702,,,,
1340720547525322,https://www.facebook.com/reel/1340720547525322/,https://www.facebook.com/linguoermechanic/reels/,2026-07-27,remaining,703,,,,
4569480806609607,https://www.facebook.com/reel/4569480806609607/,https://www.facebook.com/linguoermechanic/reels/,2026-07-27,remaining,704,,,,
1399406540505493,https://www.facebook.com/reel/1399406540505493/,https://web.facebook.com/TheFabrikRestoration/reels/,2026-08-08,remaining,705,,,,
25010078105331795,https://www.facebook.com/reel/25010078105331795/,https://web.facebook.com/TheFabrikRestoration/reels/,2026-08-08,remaining,706,,,,
549681870241320,https://www.facebook.com/reel/549681870241320/,https://www.facebook.com/linguoermechanic/reels/,2026-07-27,remaining,707,,,,
1257544022213341,https://www.facebook.com/reel/1257544022213341/,https://www.facebook.com/linguoermechanic/reels/,2026-07-27,remaining,708,,,,
715407551508839,https://www.facebook.com/reel/715407551508839/,https://www.facebook.com/profile.php?id=61585812725679&sk=reels_tab,2026-07-27,remaining,709,,,,
1328101095800411,https://www.facebook.com/reel/1328101095800411/,https://www.facebook.com/linguoermechanic/reels/,2026-07-27,remaining,710,,,,
1218529976935446,https://www.facebook.com/reel/1218529976935446/,https://www.facebook.com/profile.php?id=61585812725679&sk=reels_tab,2026-07-27,remaining,711,,,,
1319969319038394,https://www.facebook.com/reel/1319969319038394/,https://www.facebook.com/linguoermechanic/reels/,2026-07-27,remaining,712,,,,
1239301317085672,https://www.facebook.com/reel/1239301317085672/,https://www.facebook.com/linguoermechanic/reels/,2026-07-27,remaining,713,,,,
818117299747059,https://www.facebook.com/reel/818117299747059/,https://www.facebook.com/linguoermechanic/reels/,2026-07-27,remaining,714,,,,
1097232649204743,https://www.facebook.com/reel/1097232649204743/,https://www.facebook.com/linguoermechanic/reels/,2026-07-27,remaining,715,,,,
1553245029842016,https://www.facebook.com/reel/1553245029842016/,https://www.facebook.com/profile.php?id=61585812725679&sk=reels_tab,2026-07-27,remaining,716,,,,
321510563455321,https://www.facebook.com/reel/321510563455321/,https://www.facebook.com/linguoermechanic/reels/,2026-07-27,remaining,717,,,,
948906029699097,https://www.facebook.com/reel/948906029699097/,https://www.facebook.com/linguoermechanic/reels/,2026-07-27,remaining,718,,,,
529843675816798,https://www.facebook.com/reel/529843675816798/,https://www.facebook.com/linguoermechanic/reels/,2026-07-27,remaining,719,,,,
918630696621322,https://www.facebook.com/reel/918630696621322/,https://www.facebook.com/linguoermechanic/reels/,2026-07-27,remaining,720,,,,
654943689413867,https://www.facebook.com/reel/654943689413867/,https://www.facebook.com/linguoermechanic/reels/,2026-07-27,remaining,721,,,,
499114966520130,https://www.facebook.com/reel/499114966520130/,https://www.facebook.com/linguoermechanic/reels/,2026-07-27,remaining,722,,,,
1618732798780898,https://www.facebook.com/reel/1618732798780898/,https://www.facebook.com/linguoermechanic/reels/,2026-07-27,remaining,723,,,,
627312702445532,https://www.facebook.com/reel/627312702445532/,https://www.facebook.com/linguoermechanic/reels/,2026-07-27,remaining,724,,,,
1572549016956541,https://www.facebook.com/reel/1572549016956541/,https://www.facebook.com/linguoermechanic/reels/,2026-07-27,remaining,725,,,,
1345426076788236,https://www.facebook.com/reel/1345426076788236/,https://web.facebook.com/TheFabrikRestoration/reels/,2026-08-08,remaining,726,,,,
2765047870507761,https://www.facebook.com/reel/2765047870507761/,https://www.facebook.com/profile.php?id=61585812725679&sk=reels_tab,2026-07-27,remaining,727,,,,
348713090876444,https://www.facebook.com/reel/348713090876444/,https://www.facebook.com/linguoermechanic/reels/,2026-07-27,remaining,728,,,,
1764671400840225,https://www.facebook.com/reel/1764671400840225/,https://web.facebook.com/TheFabrikRestoration/reels/,2026-08-08,remaining,729,,,,
868532028484451,https://www.facebook.com/reel/868532028484451/,https://web.facebook.com/TheFabrikRestoration/reels/,2026-08-08,remaining,730,,,,
1823948191544446,https://www.facebook.com/reel/1823948191544446/,https://www.facebook.com/linguoermechanic/reels/,2026-07-27,remaining,731,,,,
1758247194876457,https://www.facebook.com/reel/1758247194876457/,https://www.facebook.com/linguoermechanic/reels/,2026-07-27,remaining,732,,,,
602401181415826,https://www.facebook.com/reel/602401181415826/,https://www.facebook.com/linguoermechanic/reels/,2026-07-27,remaining,733,,,,
1703027787730605,https://www.facebook.com/reel/1703027787730605/,https://web.facebook.com/TheFabrikRestoration/reels/,2026-08-08,remaining,734,,,,
1531584321621841,https://www.facebook.com/reel/1531584321621841/,https://www.facebook.com/linguoermechanic/reels/,2026-07-27,remaining,735,,,,
1884983408867382,https://www.facebook.com/reel/1884983408867382/,https://www.facebook.com/linguoermechanic/reels/,2026-07-27,remaining,736,,,,
1094877716052936,https://www.facebook.com/reel/1094877716052936/,https://www.facebook.com/linguoermechanic/reels/,2026-07-27,remaining,737,,,,
1306089200662128,https://www.facebook.com/reel/1306089200662128/,https://www.facebook.com/linguoermechanic/reels/,2026-07-27,remaining,738,,,,
525157680252531,https://www.facebook.com/reel/525157680252531/,https://web.facebook.com/TheFabrikRestoration/reels/,2026-08-08,remaining,739,,,,
1938567556903301,https://www.facebook.com/reel/1938567556903301/,https://www.facebook.com/linguoermechanic/reels/,2026-07-27,remaining,740,,,,
916565266847900,https://www.facebook.com/reel/916565266847900/,https://web.facebook.com/TheFabrikRestoration/reels/,2026-08-08,remaining,741,,,,
992476421733748,https://www.facebook.com/reel/992476421733748/,https://www.facebook.com/linguoermechanic/reels/,2026-07-27,remaining,742,,,,
4241708672821102,https://www.facebook.com/reel/4241708672821102/,https://www.facebook.com/linguoermechanic/reels/,2026-07-27,remaining,743,,,,
1129391360935773,https://www.facebook.com/reel/1129391360935773/,https://www.facebook.com/linguoermechanic/reels/,2026-07-27,remaining,744,,,,
1560274511126147,https://www.facebook.com/reel/1560274511126147/,https://www.facebook.com/linguoermechanic/reels/,2026-07-27,remaining,745,,,,
935611965243690,https://www.facebook.com/reel/935611965243690/,https://www.facebook.com/linguoermechanic/reels/,2026-07-27,remaining,746,,,,
1286384183020703,https://www.facebook.com/reel/1286384183020703/,https://www.facebook.com/linguoermechanic/reels/,2026-07-27,remaining,747,,,,
592679606979895,https://www.facebook.com/reel/592679606979895/,https://web.facebook.com/TheFabrikRestoration/reels/,2026-08-08,remaining,748,,,,
1500167434612135,https://www.facebook.com/reel/1500167434612135/,https://www.facebook.com/profile.php?id=61585812725679&sk=reels_tab,2026-07-27,remaining,749,,,,
293491089839726,https://www.facebook.com/reel/293491089839726/,https://web.facebook.com/TheFabrikRestoration/reels/,2026-08-08,remaining,750,,,,
712261580959885,https://www.facebook.com/reel/712261580959885/,https://www.facebook.com/linguoermechanic/reels/,2026-07-27,remaining,751,,,,
1685664558720896,https://www.facebook.com/reel/1685664558720896/,https://www.facebook.com/linguoermechanic/reels/,2026-07-27,remaining,752,,,,
27471340899170813,https://www.facebook.com/reel/27471340899170813/,https://www.facebook.com/profile.php?id=61585812725679&sk=reels_tab,2026-07-27,remaining,753,,,,
716437264078550,https://www.facebook.com/reel/716437264078550/,https://web.facebook.com/TheFabrikRestoration/reels/,2026-08-08,remaining,754,,,,
966522274533161,https://www.facebook.com/reel/966522274533161/,https://www.facebook.com/linguoermechanic/reels/,2026-07-27,remaining,755,,,,
1647252396383472,https://www.facebook.com/reel/1647252396383472/,https://www.facebook.com/linguoermechanic/reels/,2026-07-27,remaining,756,,,,
1181452806515537,https://www.facebook.com/reel/1181452806515537/,https://web.facebook.com/TheFabrikRestoration/reels/,2026-08-08,remaining,757,,,,
499677532842265,https://www.facebook.com/reel/499677532842265/,https://www.facebook.com/linguoermechanic/reels/,2026-07-27,remaining,758,,,,
952778573704535,https://www.facebook.com/reel/952778573704535/,https://web.facebook.com/TheFabrikRestoration/reels/,2026-08-08,remaining,759,,,,
3078496632447585,https://www.facebook.com/reel/3078496632447585/,https://web.facebook.com/TheFabrikRestoration/reels/,2026-08-08,remaining,760,,,,
1599485784071271,https://www.facebook.com/reel/1599485784071271/,https://www.facebook.com/linguoermechanic/reels/,2026-07-27,remaining,761,,,,
1691707305287657,https://www.facebook.com/reel/1691707305287657/,https://www.facebook.com/profile.php?id=61585812725679&sk=reels_tab,2026-07-27,remaining,762,,,,
779335708389475,https://www.facebook.com/reel/779335708389475/,https://www.facebook.com/profile.php?id=61585812725679&sk=reels_tab,2026-07-27,remaining,763,,,,
971814782225394,https://www.facebook.com/reel/971814782225394/,https://www.facebook.com/profile.php?id=61585812725679&sk=reels_tab,2026-07-27,remaining,764,,,,
961697079825122,https://www.facebook.com/reel/961697079825122/,https://web.facebook.com/TheFabrikRestoration/reels/,2026-08-08,remaining,765,,,,
2475694366190385,https://www.facebook.com/reel/2475694366190385/,https://www.facebook.com/profile.php?id=61585812725679&sk=reels_tab,2026-07-27,remaining,766,,,,
726274905273470,https://www.facebook.com/reel/726274905273470/,https://www.facebook.com/linguoermechanic/reels/,2026-07-27,remaining,767,,,,
1841202576328227,https://www.facebook.com/reel/1841202576328227/,https://www.facebook.com/linguoermechanic/reels/,2026-07-27,remaining,768,,,,
624081875706657,https://www.facebook.com/reel/624081875706657/,https://www.facebook.com/linguoermechanic/reels/,2026-07-27,remaining,769,,,,
1917345128900533,https://www.facebook.com/reel/1917345128900533/,https://www.facebook.com/linguoermechanic/reels/,2026-07-27,remaining,770,,,,
220510097557708,https://www.facebook.com/reel/220510097557708/,https://www.facebook.com/linguoermechanic/reels/,2026-07-27,remaining,771,,,,
2045933716040666,https://www.facebook.com/reel/2045933716040666/,https://www.facebook.com/linguoermechanic/reels/,2026-07-27,remaining,772,,,,
1217417399999379,https://www.facebook.com/reel/1217417399999379/,https://www.facebook.com/linguoermechanic/reels/,2026-07-27,remaining,773,,,,
2094380594826752,https://www.facebook.com/reel/2094380594826752/,https://www.facebook.com/linguoermechanic/reels/,2026-07-27,remaining,774,,,,
4046687882280435,https://www.facebook.com/reel/4046687882280435/,https://web.facebook.com/TheFabrikRestoration/reels/,2026-08-08,remaining,775,,,,
347900270641400,https://www.facebook.com/reel/347900270641400/,https://www.facebook.com/linguoermechanic/reels/,2026-07-27,remaining,776,,,,
1502658904337399,https://www.facebook.com/reel/1502658904337399/,https://www.facebook.com/linguoermechanic/reels/,2026-07-27,remaining,777,,,,
26825314217097372,https://www.facebook.com/reel/26825314217097372/,https://www.facebook.com/linguoermechanic/reels/,2026-07-27,remaining,778,,,,
1317956993080182,https://www.facebook.com/reel/1317956993080182/,https://www.facebook.com/linguoermechanic/reels/,2026-07-27,remaining,779,,,,
816939431269668,https://www.facebook.com/reel/816939431269668/,https://www.facebook.com/profile.php?id=61585812725679&sk=reels_tab,2026-07-27,remaining,780,,,,
942575848748149,https://www.facebook.com/reel/942575848748149/,https://www.facebook.com/profile.php?id=61585812725679&sk=reels_tab,2026-07-27,remaining,781,,,,
1309886007698817,https://www.facebook.com/reel/1309886007698817/,https://www.facebook.com/profile.php?id=61585812725679&sk=reels_tab,2026-07-27,remaining,782,,,,
377296461022238,https://www.facebook.com/reel/377296461022238/,https://www.facebook.com/linguoermechanic/reels/,2026-07-27,remaining,783,,,,
1421474862327530,https://www.facebook.com/reel/1421474862327530/,https://www.facebook.com/linguoermechanic/reels/,2026-07-27,remaining,784,,,,
1391642088398530,https://www.facebook.com/reel/1391642088398530/,https://web.facebook.com/TheFabrikRestoration/reels/,2026-08-08,remaining,785,,,,
1713224969385294,https://www.facebook.com/reel/1713224969385294/,https://www.facebook.com/linguoermechanic/reels/,2026-07-27,remaining,786,,,,
960001900418666,https://www.facebook.com/reel/960001900418666/,https://www.facebook.com/linguoermechanic/reels/,2026-07-27,remaining,787,,,,
1566263835139885,https://www.facebook.com/reel/1566263835139885/,https://www.facebook.com/profile.php?id=61585812725679&sk=reels_tab,2026-07-27,remaining,788,,,,
412822097903070,https://www.facebook.com/reel/412822097903070/,https://www.facebook.com/linguoermechanic/reels/,2026-07-27,remaining,789,,,,
950089039847887,https://www.facebook.com/reel/950089039847887/,https://www.facebook.com/linguoermechanic/reels/,2026-07-27,remaining,790,,,,
706225842070059,https://www.facebook.com/reel/706225842070059/,https://web.facebook.com/TheFabrikRestoration/reels/,2026-08-08,remaining,791,,,,
1561069765418792,https://www.facebook.com/reel/1561069765418792/,https://web.facebook.com/TheFabrikRestoration/reels/,2026-08-08,remaining,792,,,,
684001876517503,https://www.facebook.com/reel/684001876517503/,https://www.facebook.com/linguoermechanic/reels/,2026-07-27,remaining,793,,,,
226409053794787,https://www.facebook.com/reel/226409053794787/,https://www.facebook.com/linguoermechanic/reels/,2026-07-27,remaining,794,,,,
2430660874016425,https://www.facebook.com/reel/2430660874016425/,https://www.facebook.com/profile.php?id=61585812725679&sk=reels_tab,2026-07-27,remaining,795,,,,
732047453199506,https://www.facebook.com/reel/732047453199506/,https://web.facebook.com/TheFabrikRestoration/reels/,2026-08-08,remaining,796,,,,
544253266834325,https://www.facebook.com/reel/544253266834325/,https://web.facebook.com/TheFabrikRestoration/reels/,2026-08-08,remaining,797,,,,
503942092360263,https://www.facebook.com/reel/503942092360263/,https://www.facebook.com/linguoermechanic/reels/,2026-07-27,remaining,798,,,,
1128837502094532,https://www.facebook.com/reel/1128837502094532/,https://www.facebook.com/linguoermechanic/reels/,2026-07-27,remaining,799,,,,
1530653368665237,https://www.facebook.com/reel/1530653368665237/,https://www.facebook.com/profile.php?id=61585812725679&sk=reels_tab,2026-07-27,remaining,800,,,,
652856120730907,https://www.facebook.com/reel/652856120730907/,https://www.facebook.com/linguoermechanic/reels/,2026-07-27,remaining,801,,,,
411918218477827,https://www.facebook.com/reel/411918218477827/,https://web.facebook.com/TheFabrikRestoration/reels/,2026-08-08,remaining,802,,,,
956433576329934,https://www.facebook.com/reel/956433576329934/,https://web.facebook.com/TheFabrikRestoration/reels/,2026-08-08,remaining,803,,,,
1671971423846697,https://www.facebook.com/reel/1671971423846697/,https://www.facebook.com/profile.php?id=61585812725679&sk=reels_tab,2026-07-27,remaining,804,,,,
1035208129011787,https://www.facebook.com/reel/1035208129011787/,https://www.facebook.com/profile.php?id=61585812725679&sk=reels_tab,2026-07-27,remaining,805,,,,
784814109710465,https://www.facebook.com/reel/784814109710465/,https://web.facebook.com/TheFabrikRestoration/reels/,2026-08-08,remaining,806,,,,
523774490558278,https://www.facebook.com/reel/523774490558278/,https://www.facebook.com/linguoermechanic/reels/,2026-07-27,remaining,807,,,,
1108111654761427,https://www.facebook.com/reel/1108111654761427/,https://web.facebook.com/TheFabrikRestoration/reels/,2026-08-08,remaining,808,,,,
711536484234737,https://www.facebook.com/reel/711536484234737/,https://www.facebook.com/linguoermechanic/reels/,2026-07-27,remaining,809,,,,
663555953045244,https://www.facebook.com/reel/663555953045244/,https://www.facebook.com/linguoermechanic/reels/,2026-07-27,remaining,810,,,,
869954348121316,https://www.facebook.com/reel/869954348121316/,https://web.facebook.com/TheFabrikRestoration/reels/,2026-08-08,remaining,811,,,,
1351368695725874,https://www.facebook.com/reel/1351368695725874/,https://www.facebook.com/linguoermechanic/reels/,2026-07-27,remaining,812,,,,
1538554470541408,https://www.facebook.com/reel/1538554470541408/,https://www.facebook.com/linguoermechanic/reels/,2026-07-27,remaining,813,,,,
587220713229636,https://www.facebook.com/reel/587220713229636/,https://www.facebook.com/linguoermechanic/reels/,2026-07-27,remaining,814,,,,
282596167502643,https://www.facebook.com/reel/282596167502643/,https://web.facebook.com/TheFabrikRestoration/reels/,2026-08-08,remaining,815,,,,
1318844599578553,https://www.facebook.com/reel/1318844599578553/,https://web.facebook.com/TheFabrikRestoration/reels/,2026-08-08,remaining,816,,,,
987987273582614,https://www.facebook.com/reel/987987273582614/,https://www.facebook.com/profile.php?id=61585812725679&sk=reels_tab,2026-07-27,remaining,817,,,,
674971742324776,https://www.facebook.com/reel/674971742324776/,https://www.facebook.com/linguoermechanic/reels/,2026-07-27,remaining,818,,,,
1890038304967674,https://www.facebook.com/reel/1890038304967674/,https://www.facebook.com/linguoermechanic/reels/,2026-07-27,remaining,819,,,,
1622972859165588,https://www.facebook.com/reel/1622972859165588/,https://www.facebook.com/linguoermechanic/reels/,2026-07-27,remaining,820,,,,
648675334931836,https://www.facebook.com/reel/648675334931836/,https://www.facebook.com/linguoermechanic/reels/,2026-07-27,remaining,821,,,,
1079712727650916,https://www.facebook.com/reel/1079712727650916/,https://www.facebook.com/linguoermechanic/reels/,2026-07-27,remaining,822,,,,
1151423917026290,https://www.facebook.com/reel/1151423917026290/,https://www.facebook.com/linguoermechanic/reels/,2026-07-27,remaining,823,,,,
1003279101310192,https://www.facebook.com/reel/1003279101310192/,https://web.facebook.com/TheFabrikRestoration/reels/,2026-08-08,remaining,824,,,,
1243165911321420,https://www.facebook.com/reel/1243165911321420/,https://www.facebook.com/profile.php?id=61585812725679&sk=reels_tab,2026-07-27,remaining,825,,,,
1722011865811193,https://www.facebook.com/reel/1722011865811193/,https://web.facebook.com/TheFabrikRestoration/reels/,2026-08-08,remaining,826,,,,
1313507693218448,https://www.facebook.com/reel/1313507693218448/,https://www.facebook.com/linguoermechanic/reels/,2026-07-27,remaining,827,,,,
963287676424770,https://www.facebook.com/reel/963287676424770/,https://www.facebook.com/profile.php?id=61585812725679&sk=reels_tab,2026-07-27,remaining,828,,,,
1565258438368563,https://www.facebook.com/reel/1565258438368563/,https://www.facebook.com/linguoermechanic/reels/,2026-07-27,remaining,829,,,,
1170859477090480,https://www.facebook.com/reel/1170859477090480/,https://web.facebook.com/TheFabrikRestoration/reels/,2026-08-08,remaining,830,,,,
2222440704941100,https://www.facebook.com/reel/2222440704941100/,https://www.facebook.com/linguoermechanic/reels/,2026-07-27,remaining,831,,,,
2008815039467081,https://www.facebook.com/reel/2008815039467081/,https://www.facebook.com/linguoermechanic/reels/,2026-07-27,remaining,832,,,,
869914574043463,https://www.facebook.com/reel/869914574043463/,https://web.facebook.com/TheFabrikRestoration/reels/,2026-08-08,remaining,833,,,,
1536772108232752,https://www.facebook.com/reel/1536772108232752/,https://www.facebook.com/profile.php?id=61585812725679&sk=reels_tab,2026-07-27,remaining,834,,,,
1196752168229796,https://www.facebook.com/reel/1196752168229796/,https://www.facebook.com/linguoermechanic/reels/,2026-07-27,remaining,835,,,,
994585912891562,https://www.facebook.com/reel/994585912891562/,https://www.facebook.com/profile.php?id=61585812725679&sk=reels_tab,2026-07-27,remaining,836,,,,
230948585986817,https://www.facebook.com/reel/230948585986817/,https://www.facebook.com/linguoermechanic/reels/,2026-07-27,remaining,837,,,,
1292324555348254,https://www.facebook.com/reel/1292324555348254/,https://www.facebook.com/linguoermechanic/reels/,2026-07-27,remaining,838,,,,
4218013598470163,https://www.facebook.com/reel/4218013598470163/,https://www.facebook.com/linguoermechanic/reels/,2026-07-27,remaining,839,,,,
1018497557642804,https://www.facebook.com/reel/1018497557642804/,https://www.facebook.com/profile.php?id=61585812725679&sk=reels_tab,2026-07-27,remaining,840,,,,
1458824792038652,https://www.facebook.com/reel/1458824792038652/,https://www.facebook.com/profile.php?id=61585812725679&sk=reels_tab,2026-07-27,remaining,841,,,,
769758449344600,https://www.facebook.com/reel/769758449344600/,https://www.facebook.com/linguoermechanic/reels/,2026-07-27,remaining,842,,,,
1184515473569776,https://www.facebook.com/reel/1184515473569776/,https://www.facebook.com/linguoermechanic/reels/,2026-07-27,remaining,843,,,,
243922448445409,https://www.facebook.com/reel/243922448445409/,https://www.facebook.com/linguoermechanic/reels/,2026-07-27,remaining,844,,,,
2026381151558111,https://www.facebook.com/reel/2026381151558111/,https://www.facebook.com/profile.php?id=61585812725679&sk=reels_tab,2026-07-27,remaining,845,,,,
785053906751720,https://www.facebook.com/reel/785053906751720/,https://web.facebook.com/TheFabrikRestoration/reels/,2026-08-08,remaining,846,,,,
1570446183382716,https://www.facebook.com/reel/1570446183382716/,https://www.facebook.com/linguoermechanic/reels/,2026-07-27,remaining,847,,,,
1423345888752996,https://www.facebook.com/reel/1423345888752996/,https://www.facebook.com/linguoermechanic/reels/,2026-07-27,remaining,848,,,,
1548012940076938,https://www.facebook.com/reel/1548012940076938/,https://www.facebook.com/profile.php?id=61585812725679&sk=reels_tab,2026-07-27,remaining,849,,,,
346634881472049,https://www.facebook.com/reel/346634881472049/,https://www.facebook.com/linguoermechanic/reels/,2026-07-27,remaining,850,,,,
821324021037045,https://www.facebook.com/reel/821324021037045/,https://web.facebook.com/TheFabrikRestoration/reels/,2026-08-08,remaining,851,,,,
683306447735938,https://www.facebook.com/reel/683306447735938/,https://www.facebook.com/linguoermechanic/reels/,2026-07-27,remaining,852,,,,
641324130302406,https://www.facebook.com/reel/641324130302406/,https://www.facebook.com/linguoermechanic/reels/,2026-07-27,remaining,853,,,,
24466796342946642,https://www.facebook.com/reel/24466796342946642/,https://www.facebook.com/linguoermechanic/reels/,2026-07-27,remaining,854,,,,
3988967551397159,https://www.facebook.com/reel/3988967551397159/,https://www.facebook.com/profile.php?id=61585812725679&sk=reels_tab,2026-07-27,remaining,855,,,,
1077601563577768,https://www.facebook.com/reel/1077601563577768/,https://www.facebook.com/linguoermechanic/reels/,2026-07-27,remaining,856,,,,
822016537158094,https://www.facebook.com/reel/822016537158094/,https://www.facebook.com/linguoermechanic/reels/,2026-07-27,remaining,857,,,,
4304977476444809,https://www.facebook.com/reel/4304977476444809/,https://www.facebook.com/linguoermechanic/reels/,2026-07-27,remaining,858,,,,
2457987281320265,https://www.facebook.com/reel/2457987281320265/,https://www.facebook.com/linguoermechanic/reels/,2026-07-27,remaining,859,,,,
1238857254025083,https://www.facebook.com/reel/1238857254025083/,https://www.facebook.com/linguoermechanic/reels/,2026-07-27,remaining,860,,,,
1460801665526054,https://www.facebook.com/reel/1460801665526054/,https://www.facebook.com/profile.php?id=61585812725679&sk=reels_tab,2026-07-27,remaining,861,,,,
1427078545630321,https://www.facebook.com/reel/1427078545630321/,https://www.facebook.com/profile.php?id=61585812725679&sk=reels_tab,2026-07-27,remaining,862,,,,
3242524855954093,https://www.facebook.com/reel/3242524855954093/,https://www.facebook.com/linguoermechanic/reels/,2026-07-27,remaining,863,,,,
1554093798962470,https://www.facebook.com/reel/1554093798962470/,https://web.facebook.com/TheFabrikRestoration/reels/,2026-08-08,remaining,864,,,,
2467731433610374,https://www.facebook.com/reel/2467731433610374/,https://www.facebook.com/linguoermechanic/reels/,2026-07-27,remaining,865,,,,
889737599200915,https://www.facebook.com/reel/889737599200915/,https://web.facebook.com/TheFabrikRestoration/reels/,2026-08-08,remaining,866,,,,
1250004157065598,https://www.facebook.com/reel/1250004157065598/,https://www.facebook.com/linguoermechanic/reels/,2026-07-27,remaining,867,,,,
1005783652103782,https://www.facebook.com/reel/1005783652103782/,https://www.facebook.com/linguoermechanic/reels/,2026-07-27,remaining,868,,,,
1432893938148290,https://www.facebook.com/reel/1432893938148290/,https://www.facebook.com/profile.php?id=61585812725679&sk=reels_tab,2026-07-27,remaining,869,,,,
533415384696703,https://www.facebook.com/reel/533415384696703/,https://web.facebook.com/TheFabrikRestoration/reels/,2026-08-08,remaining,870,,,,
1331198071601648,https://www.facebook.com/reel/1331198071601648/,https://www.facebook.com/linguoermechanic/reels/,2026-07-27,remaining,871,,,,
3713783595506659,https://www.facebook.com/reel/3713783595506659/,https://www.facebook.com/linguoermechanic/reels/,2026-07-27,remaining,872,,,,
2124303504998125,https://www.facebook.com/reel/2124303504998125/,https://www.facebook.com/profile.php?id=61585812725679&sk=reels_tab,2026-07-27,remaining,873,,,,
2175130392994007,https://www.facebook.com/reel/2175130392994007/,https://www.facebook.com/linguoermechanic/reels/,2026-07-27,remaining,874,,,,
1582742705646450,https://www.facebook.com/reel/1582742705646450/,https://www.facebook.com/linguoermechanic/reels/,2026-07-27,remaining,875,,,,
1331236847444843,https://www.facebook.com/reel/1331236847444843/,https://www.facebook.com/linguoermechanic/reels/,2026-07-27,remaining,876,,,,
566092424760558,https://www.facebook.com/reel/566092424760558/,https://web.facebook.com/TheFabrikRestoration/reels/,2026-08-08,remaining,877,,,,
935388649554689,https://www.facebook.com/reel/935388649554689/,https://www.facebook.com/profile.php?id=61585812725679&sk=reels_tab,2026-07-27,remaining,878,,,,
8879364895462271,https://www.facebook.com/reel/8879364895462271/,https://web.facebook.com/TheFabrikRestoration/reels/,2026-08-08,remaining,879,,,,
508296271195546,https://www.facebook.com/reel/508296271195546/,https://www.facebook.com/linguoermechanic/reels/,2026-07-27,remaining,880,,,,
930958255206466,https://www.facebook.com/reel/930958255206466/,https://web.facebook.com/TheFabrikRestoration/reels/,2026-08-08,remaining,881,,,,
362166116660034,https://www.facebook.com/reel/362166116660034/,https://www.facebook.com/linguoermechanic/reels/,2026-07-27,remaining,882,,,,
1002608684160971,https://www.facebook.com/reel/1002608684160971/,https://web.facebook.com/TheFabrikRestoration/reels/,2026-08-08,remaining,883,,,,
891501444012631,https://www.facebook.com/reel/891501444012631/,https://web.facebook.com/TheFabrikRestoration/reels/,2026-08-08,remaining,884,,,,
2169873243591481,https://www.facebook.com/reel/2169873243591481/,https://www.facebook.com/profile.php?id=61585812725679&sk=reels_tab,2026-07-27,remaining,885,,,,
1047337012607397,https://www.facebook.com/reel/1047337012607397/,https://www.facebook.com/linguoermechanic/reels/,2026-07-27,remaining,886,,,,
1474552127495961,https://www.facebook.com/reel/1474552127495961/,https://www.facebook.com/linguoermechanic/reels/,2026-07-27,remaining,887,,,,
1299600261882967,https://www.facebook.com/reel/1299600261882967/,https://www.facebook.com/linguoermechanic/reels/,2026-07-27,remaining,888,,,,
1066749276514476,https://www.facebook.com/reel/1066749276514476/,https://www.facebook.com/linguoermechanic/reels/,2026-07-27,remaining,889,,,,
578633843483210,https://www.facebook.com/reel/578633843483210/,https://www.facebook.com/linguoermechanic/reels/,2026-07-27,remaining,890,,,,
818655276717179,https://www.facebook.com/reel/818655276717179/,https://www.facebook.com/linguoermechanic/reels/,2026-07-27,remaining,891,,,,
1747402113100788,https://www.facebook.com/reel/1747402113100788/,https://web.facebook.com/TheFabrikRestoration/reels/,2026-08-08,remaining,892,,,,
1008401534530427,https://www.facebook.com/reel/1008401534530427/,https://www.facebook.com/linguoermechanic/reels/,2026-07-27,remaining,893,,,,
1138967998377034,https://www.facebook.com/reel/1138967998377034/,https://www.facebook.com/linguoermechanic/reels/,2026-07-27,remaining,894,,,,
1909153772947031,https://www.facebook.com/reel/1909153772947031/,https://www.facebook.com/linguoermechanic/reels/,2026-07-27,remaining,895,,,,
741374531795817,https://www.facebook.com/reel/741374531795817/,https://www.facebook.com/linguoermechanic/reels/,2026-07-27,remaining,896,,,,
1025188159383243,https://www.facebook.com/reel/1025188159383243/,https://www.facebook.com/linguoermechanic/reels/,2026-07-27,remaining,897,,,,
580971738079062,https://www.facebook.com/reel/580971738079062/,https://www.facebook.com/linguoermechanic/reels/,2026-07-27,remaining,898,,,,
1598703560821776,https://www.facebook.com/reel/1598703560821776/,https://web.facebook.com/TheFabrikRestoration/reels/,2026-08-08,remaining,899,,,,
896927019411243,https://www.facebook.com/reel/896927019411243/,https://www.facebook.com/linguoermechanic/reels/,2026-07-27,remaining,900,,,,
1542932099928141,https://www.facebook.com/reel/1542932099928141/,https://web.facebook.com/TheFabrikRestoration/reels/,2026-08-08,remaining,901,,,,
588478059298085,https://www.facebook.com/reel/588478059298085/,https://www.facebook.com/linguoermechanic/reels/,2026-07-27,remaining,902,,,,
563684622901808,https://www.facebook.com/reel/563684622901808/,https://www.facebook.com/linguoermechanic/reels/,2026-07-27,remaining,903,,,,
2210029916519129,https://www.facebook.com/reel/2210029916519129/,https://www.facebook.com/profile.php?id=61585812725679&sk=reels_tab,2026-07-27,remaining,904,,,,
1244161804259532,https://www.facebook.com/reel/1244161804259532/,https://www.facebook.com/linguoermechanic/reels/,2026-07-27,remaining,905,,,,
26975912622108502,https://www.facebook.com/reel/26975912622108502/,https://www.facebook.com/profile.php?id=61585812725679&sk=reels_tab,2026-07-27,remaining,906,,,,
1780195922319988,https://www.facebook.com/reel/1780195922319988/,https://web.facebook.com/TheFabrikRestoration/reels/,2026-08-08,remaining,907,,,,
1360464759453202,https://www.facebook.com/reel/1360464759453202/,https://www.facebook.com/profile.php?id=61585812725679&sk=reels_tab,2026-07-27,remaining,908,,,,
813058779905624,https://www.facebook.com/reel/813058779905624/,https://www.facebook.com/linguoermechanic/reels/,2026-07-27,remaining,909,,,,
864456430048849,https://www.facebook.com/reel/864456430048849/,https://www.facebook.com/profile.php?id=61585812725679&sk=reels_tab,2026-07-27,remaining,910,,,,
1316248493435509,https://www.facebook.com/reel/1316248493435509/,https://www.facebook.com/profile.php?id=61585812725679&sk=reels_tab,2026-07-27,remaining,911,,,,
1868135120420030,https://www.facebook.com/reel/1868135120420030/,https://www.facebook.com/linguoermechanic/reels/,2026-07-27,remaining,912,,,,
777902875038433,https://www.facebook.com/reel/777902875038433/,https://www.facebook.com/linguoermechanic/reels/,2026-07-27,remaining,913,,,,
1024730186956570,https://www.facebook.com/reel/1024730186956570/,https://www.facebook.com/profile.php?id=61585812725679&sk=reels_tab,2026-07-27,remaining,914,,,,
1934293787974137,https://www.facebook.com/reel/1934293787974137/,https://www.facebook.com/profile.php?id=61585812725679&sk=reels_tab,2026-07-27,remaining,915,,,,
1376987737860946,https://www.facebook.com/reel/1376987737860946/,https://www.facebook.com/profile.php?id=61585812725679&sk=reels_tab,2026-07-27,remaining,916,,,,
2469822963523987,https://www.facebook.com/reel/2469822963523987/,https://www.facebook.com/profile.php?id=61585812725679&sk=reels_tab,2026-07-27,remaining,917,,,,
4337113313195812,https://www.facebook.com/reel/4337113313195812/,https://www.facebook.com/profile.php?id=61585812725679&sk=reels_tab,2026-07-27,remaining,918,,,,
638974621343838,https://www.facebook.com/reel/638974621343838/,https://www.facebook.com/linguoermechanic/reels/,2026-07-27,remaining,919,,,,
1287400872110198,https://www.facebook.com/reel/1287400872110198/,https://www.facebook.com/linguoermechanic/reels/,2026-07-27,remaining,920,,,,
858054910539817,https://www.facebook.com/reel/858054910539817/,https://www.facebook.com/linguoermechanic/reels/,2026-07-27,remaining,921,,,,
1131606894299253,https://www.facebook.com/reel/1131606894299253/,https://web.facebook.com/TheFabrikRestoration/reels/,2026-08-08,remaining,922,,,,
313117844947405,https://www.facebook.com/reel/313117844947405/,https://www.facebook.com/linguoermechanic/reels/,2026-07-27,remaining,923,,,,
1456383938257955,https://www.facebook.com/reel/1456383938257955/,https://www.facebook.com/linguoermechanic/reels/,2026-07-27,remaining,924,,,,
3829089824030502,https://www.facebook.com/reel/3829089824030502/,https://www.facebook.com/linguoermechanic/reels/,2026-07-27,remaining,925,,,,
1163987278969148,https://www.facebook.com/reel/1163987278969148/,https://www.facebook.com/linguoermechanic/reels/,2026-07-27,remaining,926,,,,
2057215481535500,https://www.facebook.com/reel/2057215481535500/,https://www.facebook.com/profile.php?id=61585812725679&sk=reels_tab,2026-07-27,remaining,927,,,,
1409773406627124,https://www.facebook.com/reel/1409773406627124/,https://www.facebook.com/linguoermechanic/reels/,2026-07-27,remaining,928,,,,
1466648932143412,https://www.facebook.com/reel/1466648932143412/,https://www.facebook.com/profile.php?id=61585812725679&sk=reels_tab,2026-07-27,remaining,929,,,,
1362399328385714,https://www.facebook.com/reel/1362399328385714/,https://www.facebook.com/linguoermechanic/reels/,2026-07-27,remaining,930,,,,
920670562366144,https://www.facebook.com/reel/920670562366144/,https://web.facebook.com/TheFabrikRestoration/reels/,2026-08-08,remaining,931,,,,
445011125235334,https://www.facebook.com/reel/445011125235334/,https://www.facebook.com/linguoermechanic/reels/,2026-07-27,remaining,932,,,,
1085295612995748,https://www.facebook.com/reel/1085295612995748/,https://www.facebook.com/linguoermechanic/reels/,2026-07-27,remaining,933,,,,
3190245191228950,https://www.facebook.com/reel/3190245191228950/,https://www.facebook.com/linguoermechanic/reels/,2026-07-27,remaining,934,,,,
1645149943381233,https://www.facebook.com/reel/1645149943381233/,https://www.facebook.com/profile.php?id=61585812725679&sk=reels_tab,2026-07-27,remaining,935,,,,
1026490269387289,https://www.facebook.com/reel/1026490269387289/,https://www.facebook.com/linguoermechanic/reels/,2026-07-27,remaining,936,,,,
4070731209725492,https://www.facebook.com/reel/4070731209725492/,https://www.facebook.com/profile.php?id=61585812725679&sk=reels_tab,2026-07-27,remaining,937,,,,
1204662073519403,https://www.facebook.com/reel/1204662073519403/,https://www.facebook.com/linguoermechanic/reels/,2026-07-27,remaining,938,,,,
808926477202268,https://www.facebook.com/reel/808926477202268/,https://www.facebook.com/linguoermechanic/reels/,2026-07-27,remaining,939,,,,
4059732264255932,https://www.facebook.com/reel/4059732264255932/,https://www.facebook.com/linguoermechanic/reels/,2026-07-27,remaining,940,,,,
560660926482686,https://www.facebook.com/reel/560660926482686/,https://www.facebook.com/linguoermechanic/reels/,2026-07-27,remaining,941,,,,
1487719629529184,https://www.facebook.com/reel/1487719629529184/,https://www.facebook.com/profile.php?id=61585812725679&sk=reels_tab,2026-07-27,remaining,942,,,,
2209362823193642,https://www.facebook.com/reel/2209362823193642/,https://www.facebook.com/profile.php?id=61585812725679&sk=reels_tab,2026-07-27,remaining,943,,,,
1346013663674243,https://www.facebook.com/reel/1346013663674243/,https://www.facebook.com/linguoermechanic/reels/,2026-07-27,remaining,944,,,,
657600776459998,https://www.facebook.com/reel/657600776459998/,https://web.facebook.com/TheFabrikRestoration/reels/,2026-08-08,remaining,945,,,,
1393974607713608,https://www.facebook.com/reel/1393974607713608/,https://www.facebook.com/linguoermechanic/reels/,2026-07-27,remaining,946,,,,
3160818957434578,https://www.facebook.com/reel/3160818957434578/,https://www.facebook.com/profile.php?id=61585812725679&sk=reels_tab,2026-07-27,remaining,947,,,,
242863475065412,https://www.facebook.com/reel/242863475065412/,https://web.facebook.com/TheFabrikRestoration/reels/,2026-08-08,remaining,948,,,,
1520415916152808,https://www.facebook.com/reel/1520415916152808/,https://www.facebook.com/profile.php?id=61585812725679&sk=reels_tab,2026-07-27,remaining,949,,,,
990298923556915,https://www.facebook.com/reel/990298923556915/,https://www.facebook.com/profile.php?id=61585812725679&sk=reels_tab,2026-07-27,remaining,950,,,,
9842803332464739,https://www.facebook.com/reel/9842803332464739/,https://www.facebook.com/linguoermechanic/reels/,2026-07-27,remaining,951,,,,
833509989254794,https://www.facebook.com/reel/833509989254794/,https://www.facebook.com/profile.php?id=61585812725679&sk=reels_tab,2026-07-27,remaining,952,,,,
1087369745508703,https://www.facebook.com/reel/1087369745508703/,https://web.facebook.com/TheFabrikRestoration/reels/,2026-08-08,remaining,953,,,,
104114256101590,https://www.facebook.com/reel/104114256101590/,https://www.facebook.com/linguoermechanic/reels/,2026-07-27,remaining,954,,,,
919998803114441,https://www.facebook.com/reel/919998803114441/,https://www.facebook.com/linguoermechanic/reels/,2026-07-27,remaining,955,,,,
253925834295797,https://www.facebook.com/reel/253925834295797/,https://web.facebook.com/TheFabrikRestoration/reels/,2026-08-08,remaining,956,,,,
1684906171903093,https://www.facebook.com/reel/1684906171903093/,https://www.facebook.com/linguoermechanic/reels/,2026-07-27,remaining,957,,,,
4567232363598176,https://www.facebook.com/reel/4567232363598176/,https://www.facebook.com/profile.php?id=61585812725679&sk=reels_tab,2026-07-27,remaining,958,,,,
783807954135956,https://www.facebook.com/reel/783807954135956/,https://www.facebook.com/linguoermechanic/reels/,2026-07-27,remaining,959,,,,
458139113072033,https://www.facebook.com/reel/458139113072033/,https://www.facebook.com/linguoermechanic/reels/,2026-07-27,remaining,960,,,,
363312923468751,https://www.facebook.com/reel/363312923468751/,https://www.facebook.com/linguoermechanic/reels/,2026-07-27,remaining,961,,,,
903060268903683,https://www.facebook.com/reel/903060268903683/,https://www.facebook.com/profile.php?id=61585812725679&sk=reels_tab,2026-07-27,remaining,962,,,,
4472290986336237,https://www.facebook.com/reel/4472290986336237/,https://www.facebook.com/profile.php?id=61585812725679&sk=reels_tab,2026-07-27,remaining,963,,,,
673857955151158,https://www.facebook.com/reel/673857955151158/,https://www.facebook.com/linguoermechanic/reels/,2026-07-27,remaining,964,,,,
1640494964070744,https://www.facebook.com/reel/1640494964070744/,https://www.facebook.com/profile.php?id=61585812725679&sk=reels_tab,2026-07-27,remaining,965,,,,
1856337788562590,https://www.facebook.com/reel/1856337788562590/,https://www.facebook.com/linguoermechanic/reels/,2026-07-27,remaining,966,,,,
1124042136586471,https://www.facebook.com/reel/1124042136586471/,https://www.facebook.com/profile.php?id=61585812725679&sk=reels_tab,2026-07-27,remaining,967,,,,
1067571954432916,https://www.facebook.com/reel/1067571954432916/,https://www.facebook.com/linguoermechanic/reels/,2026-07-27,remaining,968,,,,
1117651760211196,https://www.facebook.com/reel/1117651760211196/,https://www.facebook.com/linguoermechanic/reels/,2026-07-27,remaining,969,,,,
1798157767685334,https://www.facebook.com/reel/1798157767685334/,https://www.facebook.com/linguoermechanic/reels/,2026-07-27,remaining,970,,,,
634443225506314,https://www.facebook.com/reel/634443225506314/,https://www.facebook.com/linguoermechanic/reels/,2026-07-27,remaining,971,,,,
906085067085165,https://www.facebook.com/reel/906085067085165/,https://www.facebook.com/linguoermechanic/reels/,2026-07-27,remaining,972,,,,
2650313055319391,https://www.facebook.com/reel/2650313055319391/,https://web.facebook.com/TheFabrikRestoration/reels/,2026-08-08,remaining,973,,,,
1759554328066974,https://www.facebook.com/reel/1759554328066974/,https://www.facebook.com/profile.php?id=61585812725679&sk=reels_tab,2026-07-27,remaining,974,,,,
1631172408073581,https://www.facebook.com/reel/1631172408073581/,https://www.facebook.com/profile.php?id=61585812725679&sk=reels_tab,2026-07-27,remaining,975,,,,
585493676254302,https://www.facebook.com/reel/585493676254302/,https://web.facebook.com/TheFabrikRestoration/reels/,2026-08-08,remaining,976,,,,
28816574587942454,https://www.facebook.com/reel/28816574587942454/,https://www.facebook.com/profile.php?id=61585812725679&sk=reels_tab,2026-07-27,remaining,977,,,,
1813324932669490,https://www.facebook.com/reel/1813324932669490/,https://www.facebook.com/profile.php?id=61585812725679&sk=reels_tab,2026-07-27,remaining,978,,,,
1465545898146538,https://www.facebook.com/reel/1465545898146538/,https://www.facebook.com/linguoermechanic/reels/,2026-07-27,remaining,979,,,,
2231376060395877,https://www.facebook.com/reel/2231376060395877/,https://www.facebook.com/linguoermechanic/reels/,2026-07-27,remaining,980,,,,
758239683812887,https://www.facebook.com/reel/758239683812887/,https://www.facebook.com/linguoermechanic/reels/,2026-07-27,remaining,981,,,,
368005118763435,https://www.facebook.com/reel/368005118763435/,https://www.facebook.com/linguoermechanic/reels/,2026-07-27,remaining,982,,,,
3995647967420913,https://www.facebook.com/reel/3995647967420913/,https://www.facebook.com/linguoermechanic/reels/,2026-07-27,remaining,983,,,,
780999541307489,https://www.facebook.com/reel/780999541307489/,https://www.facebook.com/linguoermechanic/reels/,2026-07-27,remaining,984,,,,
374145041481349,https://www.facebook.com/reel/374145041481349/,https://www.facebook.com/linguoermechanic/reels/,2026-07-27,remaining,985,,,,
581698568136933,https://www.facebook.com/reel/581698568136933/,https://web.facebook.com/TheFabrikRestoration/reels/,2026-08-08,remaining,986,,,,
523927622596475,https://www.facebook.com/reel/523927622596475/,https://www.facebook.com/linguoermechanic/reels/,2026-07-27,remaining,987,,,,
424540373358016,https://www.facebook.com/reel/424540373358016/,https://www.facebook.com/linguoermechanic/reels/,2026-07-27,remaining,988,,,,
1398113354401077,https://www.facebook.com/reel/1398113354401077/,https://www.facebook.com/linguoermechanic/reels/,2026-07-27,remaining,989,,,,
832393638944993,https://www.facebook.com/reel/832393638944993/,https://www.facebook.com/linguoermechanic/reels/,2026-07-27,remaining,990,,,,
1454858719053433,https://www.facebook.com/reel/1454858719053433/,https://www.facebook.com/linguoermechanic/reels/,2026-07-27,remaining,991,,,,
1489660262878814,https://www.facebook.com/reel/1489660262878814/,https://www.facebook.com/profile.php?id=61585812725679&sk=reels_tab,2026-07-27,remaining,992,,,,
1773423497422654,https://www.facebook.com/reel/1773423497422654/,https://www.facebook.com/profile.php?id=61585812725679&sk=reels_tab,2026-07-27,remaining,993,,,,
3967899210187404,https://www.facebook.com/reel/3967899210187404/,https://www.facebook.com/linguoermechanic/reels/,2026-07-27,remaining,994,,,,
768432221639602,https://www.facebook.com/reel/768432221639602/,https://www.facebook.com/linguoermechanic/reels/,2026-07-27,remaining,995,,,,
1710885269335799,https://www.facebook.com/reel/1710885269335799/,https://www.facebook.com/linguoermechanic/reels/,2026-07-27,remaining,996,,,,
1600687158152517,https://www.facebook.com/reel/1600687158152517/,https://web.facebook.com/TheFabrikRestoration/reels/,2026-08-08,remaining,997,,,,
1123006843082411,https://www.facebook.com/reel/1123006843082411/,https://www.facebook.com/linguoermechanic/reels/,2026-07-27,remaining,998,,,,
649082641374107,https://www.facebook.com/reel/649082641374107/,https://www.facebook.com/linguoermechanic/reels/,2026-07-27,remaining,999,,,,
2144165086427595,https://www.facebook.com/reel/2144165086427595/,https://www.facebook.com/profile.php?id=61585812725679&sk=reels_tab,2026-07-27,remaining,1000,,,,
993389946750536,https://www.facebook.com/reel/993389946750536/,https://www.facebook.com/profile.php?id=61585812725679&sk=reels_tab,2026-07-27,remaining,1001,,,,
1688860112229646,https://www.facebook.com/reel/1688860112229646/,https://www.facebook.com/profile.php?id=61585812725679&sk=reels_tab,2026-07-27,remaining,1002,,,,
1767981710591689,https://www.facebook.com/reel/1767981710591689/,https://www.facebook.com/linguoermechanic/reels/,2026-07-27,remaining,1003,,,,
719483586478994,https://www.facebook.com/reel/719483586478994/,https://www.facebook.com/linguoermechanic/reels/,2026-07-27,remaining,1004,,,,
650776214326241,https://www.facebook.com/reel/650776214326241/,https://web.facebook.com/TheFabrikRestoration/reels/,2026-08-08,remaining,1005,,,,
1636971300905773,https://www.facebook.com/reel/1636971300905773/,https://www.facebook.com/profile.php?id=61585812725679&sk=reels_tab,2026-07-27,remaining,1006,,,,
752950146920035,https://www.facebook.com/reel/752950146920035/,https://web.facebook.com/TheFabrikRestoration/reels/,2026-08-08,remaining,1007,,,,
1872991393363339,https://www.facebook.com/reel/1872991393363339/,https://www.facebook.com/profile.php?id=61585812725679&sk=reels_tab,2026-07-27,remaining,1008,,,,
1221240100094014,https://www.facebook.com/reel/1221240100094014/,https://www.facebook.com/profile.php?id=61585812725679&sk=reels_tab,2026-07-27,remaining,1009,,,,
897483931600563,https://www.facebook.com/reel/897483931600563/,https://www.facebook.com/linguoermechanic/reels/,2026-07-27,remaining,1010,,,,
1132255118426775,https://www.facebook.com/reel/1132255118426775/,https://www.facebook.com/linguoermechanic/reels/,2026-07-27,remaining,1011,,,,
1156814929442333,https://www.facebook.com/reel/1156814929442333/,https://www.facebook.com/linguoermechanic/reels/,2026-07-27,remaining,1012,,,,
2953172218315062,https://www.facebook.com/reel/2953172218315062/,https://web.facebook.com/TheFabrikRestoration/reels/,2026-08-08,remaining,1013,,,,
757602492300564,https://www.facebook.com/reel/757602492300564/,https://www.facebook.com/linguoermechanic/reels/,2026-07-27,remaining,1014,,,,
1257822172416224,https://www.facebook.com/reel/1257822172416224/,https://www.facebook.com/profile.php?id=61585812725679&sk=reels_tab,2026-07-27,remaining,1015,,,,
938732255892287,https://www.facebook.com/reel/938732255892287/,https://www.facebook.com/profile.php?id=61585812725679&sk=reels_tab,2026-07-27,remaining,1016,,,,
639417784322568,https://www.facebook.com/reel/639417784322568/,https://web.facebook.com/TheFabrikRestoration/reels/,2026-08-08,remaining,1017,,,,
862669510230950,https://www.facebook.com/reel/862669510230950/,https://www.facebook.com/profile.php?id=61585812725679&sk=reels_tab,2026-07-27,remaining,1018,,,,
6194619073961230,https://www.facebook.com/reel/6194619073961230/,https://www.facebook.com/linguoermechanic/reels/,2026-07-27,remaining,1019,,,,
2367106640307183,https://www.facebook.com/reel/2367106640307183/,https://www.facebook.com/linguoermechanic/reels/,2026-07-27,remaining,1020,,,,
3093885974206458,https://www.facebook.com/reel/3093885974206458/,https://www.facebook.com/linguoermechanic/reels/,2026-07-27,remaining,1021,,,,
24809549438658089,https://www.facebook.com/reel/24809549438658089/,https://www.facebook.com/linguoermechanic/reels/,2026-07-27,remaining,1022,,,,
2462230574273988,https://www.facebook.com/reel/2462230574273988/,https://www.facebook.com/linguoermechanic/reels/,2026-07-27,remaining,1023,,,,
1351846393551945,https://www.facebook.com/reel/1351846393551945/,https://www.facebook.com/profile.php?id=61585812725679&sk=reels_tab,2026-07-27,remaining,1024,,,,
1365053757704083,https://www.facebook.com/reel/1365053757704083/,https://www.facebook.com/linguoermechanic/reels/,2026-07-27,remaining,1025,,,,
924734706375625,https://www.facebook.com/reel/924734706375625/,https://www.facebook.com/linguoermechanic/reels/,2026-07-27,remaining,1026,,,,
1370175867011245,https://www.facebook.com/reel/1370175867011245/,https://web.facebook.com/TheFabrikRestoration/reels/,2026-08-08,remaining,1027,,,,
827754855027928,https://www.facebook.com/reel/827754855027928/,https://www.facebook.com/linguoermechanic/reels/,2026-07-27,remaining,1028,,,,
400643755569774,https://www.facebook.com/reel/400643755569774/,https://www.facebook.com/linguoermechanic/reels/,2026-07-27,remaining,1029,,,,
1515591486766786,https://www.facebook.com/reel/1515591486766786/,https://www.facebook.com/profile.php?id=61585812725679&sk=reels_tab,2026-07-27,remaining,1030,,,,
1189040159832068,https://www.facebook.com/reel/1189040159832068/,https://web.facebook.com/TheFabrikRestoration/reels/,2026-08-08,remaining,1031,,,,
1569774847908299,https://www.facebook.com/reel/1569774847908299/,https://www.facebook.com/profile.php?id=61585812725679&sk=reels_tab,2026-07-27,remaining,1032,,,,
1986447745128923,https://www.facebook.com/reel/1986447745128923/,https://www.facebook.com/linguoermechanic/reels/,2026-07-27,remaining,1033,,,,
2006759476445931,https://www.facebook.com/reel/2006759476445931/,https://www.facebook.com/linguoermechanic/reels/,2026-07-27,remaining,1034,,,,
3594179950894796,https://www.facebook.com/reel/3594179950894796/,https://web.facebook.com/TheFabrikRestoration/reels/,2026-08-08,remaining,1035,,,,
830465295051230,https://www.facebook.com/reel/830465295051230/,https://www.facebook.com/linguoermechanic/reels/,2026-07-27,remaining,1036,,,,
465757775236174,https://www.facebook.com/reel/465757775236174/,https://www.facebook.com/linguoermechanic/reels/,2026-07-27,remaining,1037,,,,
881553629840867,https://www.facebook.com/reel/881553629840867/,https://www.facebook.com/linguoermechanic/reels/,2026-07-27,remaining,1038,,,,
1994202468131620,https://www.facebook.com/reel/1994202468131620/,https://www.facebook.com/profile.php?id=61585812725679&sk=reels_tab,2026-07-27,remaining,1039,,,,
506241082155562,https://www.facebook.com/reel/506241082155562/,https://web.facebook.com/TheFabrikRestoration/reels/,2026-08-08,remaining,1040,,,,
127465823673492,https://www.facebook.com/reel/127465823673492/,https://www.facebook.com/linguoermechanic/reels/,2026-07-27,remaining,1041,,,,
1400447505447885,https://www.facebook.com/reel/1400447505447885/,https://www.facebook.com/profile.php?id=61585812725679&sk=reels_tab,2026-07-27,remaining,1042,,,,
4496365037357900,https://www.facebook.com/reel/4496365037357900/,https://www.facebook.com/profile.php?id=61585812725679&sk=reels_tab,2026-07-27,remaining,1043,,,,
1011177009931631,https://www.facebook.com/reel/1011177009931631/,https://www.facebook.com/linguoermechanic/reels/,2026-07-27,remaining,1044,,,,
2710104409186631,https://www.facebook.com/reel/2710104409186631/,https://www.facebook.com/linguoermechanic/reels/,2026-07-27,remaining,1045,,,,
1060119758956824,https://www.facebook.com/reel/1060119758956824/,https://www.facebook.com/linguoermechanic/reels/,2026-07-27,remaining,1046,,,,
898158456588303,https://www.facebook.com/reel/898158456588303/,https://www.facebook.com/profile.php?id=61585812725679&sk=reels_tab,2026-07-27,remaining,1047,,,,
811931957329603,https://www.facebook.com/reel/811931957329603/,https://www.facebook.com/linguoermechanic/reels/,2026-07-27,remaining,1048,,,,
1296042942000895,https://www.facebook.com/reel/1296042942000895/,https://web.facebook.com/TheFabrikRestoration/reels/,2026-08-08,remaining,1049,,,,
368566559246087,https://www.facebook.com/reel/368566559246087/,https://www.facebook.com/linguoermechanic/reels/,2026-07-27,remaining,1050,,,,
1450145939295888,https://www.facebook.com/reel/1450145939295888/,https://www.facebook.com/linguoermechanic/reels/,2026-07-27,remaining,1051,,,,
668736458371065,https://www.facebook.com/reel/668736458371065/,https://www.facebook.com/linguoermechanic/reels/,2026-07-27,remaining,1052,,,,
2052931245283370,https://www.facebook.com/reel/2052931245283370/,https://www.facebook.com/profile.php?id=61585812725679&sk=reels_tab,2026-07-27,remaining,1053,,,,
512904214725252,https://www.facebook.com/reel/512904214725252/,https://www.facebook.com/linguoermechanic/reels/,2026-07-27,remaining,1054,,,,
1499240108316062,https://www.facebook.com/reel/1499240108316062/,https://www.facebook.com/profile.php?id=61585812725679&sk=reels_tab,2026-07-27,remaining,1055,,,,
1893804914663486,https://www.facebook.com/reel/1893804914663486/,https://www.facebook.com/linguoermechanic/reels/,2026-07-27,remaining,1056,,,,
1499617461967332,https://www.facebook.com/reel/1499617461967332/,https://www.facebook.com/profile.php?id=61585812725679&sk=reels_tab,2026-07-27,remaining,1057,,,,
1357013732049519,https://www.facebook.com/reel/1357013732049519/,https://web.facebook.com/TheFabrikRestoration/reels/,2026-08-08,remaining,1058,,,,
6505607259476361,https://www.facebook.com/reel/6505607259476361/,https://web.facebook.com/TheFabrikRestoration/reels/,2026-08-08,remaining,1059,,,,
1259321962668353,https://www.facebook.com/reel/1259321962668353/,https://www.facebook.com/linguoermechanic/reels/,2026-07-27,remaining,1060,,,,
781526500397603,https://www.facebook.com/reel/781526500397603/,https://web.facebook.com/TheFabrikRestoration/reels/,2026-08-08,remaining,1061,,,,
1349982916190323,https://www.facebook.com/reel/1349982916190323/,https://web.facebook.com/TheFabrikRestoration/reels/,2026-08-08,remaining,1062,,,,
806883098779047,https://www.facebook.com/reel/806883098779047/,https://www.facebook.com/linguoermechanic/reels/,2026-07-27,remaining,1063,,,,
1328904146105072,https://www.facebook.com/reel/1328904146105072/,https://www.facebook.com/profile.php?id=61585812725679&sk=reels_tab,2026-07-27,remaining,1064,,,,
596973706143302,https://www.facebook.com/reel/596973706143302/,https://web.facebook.com/TheFabrikRestoration/reels/,2026-08-08,remaining,1065,,,,
527595103258702,https://www.facebook.com/reel/527595103258702/,https://www.facebook.com/linguoermechanic/reels/,2026-07-27,remaining,1066,,,,
3432417817005493,https://www.facebook.com/reel/3432417817005493/,https://www.facebook.com/linguoermechanic/reels/,2026-07-27,remaining,1067,,,,
1308098261153913,https://www.facebook.com/reel/1308098261153913/,https://web.facebook.com/TheFabrikRestoration/reels/,2026-08-08,remaining,1068,,,,
10058538437562082,https://www.facebook.com/reel/10058538437562082/,https://www.facebook.com/linguoermechanic/reels/,2026-07-27,remaining,1069,,,,
2070967727633510,https://www.facebook.com/reel/2070967727633510/,https://www.facebook.com/linguoermechanic/reels/,2026-07-27,remaining,1070,,,,
884687329417723,https://www.facebook.com/reel/884687329417723/,https://www.facebook.com/linguoermechanic/reels/,2026-07-27,remaining,1071,,,,
977094066659243,https://www.facebook.com/reel/977094066659243/,https://www.facebook.com/linguoermechanic/reels/,2026-07-27,remaining,1072,,,,
2265533380921332,https://www.facebook.com/reel/2265533380921332/,https://www.facebook.com/linguoermechanic/reels/,2026-07-27,remaining,1073,,,,
376014742241839,https://www.facebook.com/reel/376014742241839/,https://web.facebook.com/TheFabrikRestoration/reels/,2026-08-08,remaining,1074,,,,
772402140915485,https://www.facebook.com/reel/772402140915485/,https://www.facebook.com/linguoermechanic/reels/,2026-07-27,remaining,1075,,,,
1469009987966705,https://www.facebook.com/reel/1469009987966705/,https://www.facebook.com/profile.php?id=61585812725679&sk=reels_tab,2026-07-27,remaining,1076,,,,
2965729740441839,https://www.facebook.com/reel/2965729740441839/,https://www.facebook.com/profile.php?id=61585812725679&sk=reels_tab,2026-07-27,remaining,1077,,,,
1818916308671746,https://www.facebook.com/reel/1818916308671746/,https://www.facebook.com/linguoermechanic/reels/,2026-07-27,remaining,1078,,,,
976636693589657,https://www.facebook.com/reel/976636693589657/,https://www.facebook.com/linguoermechanic/reels/,2026-07-27,remaining,1079,,,,
2776571549198632,https://www.facebook.com/reel/2776571549198632/,https://www.facebook.com/linguoermechanic/reels/,2026-07-27,remaining,1080,,,,
3686677221555502,https://www.facebook.com/reel/3686677221555502/,https://www.facebook.com/linguoermechanic/reels/,2026-07-27,remaining,1081,,,,
1280878580624935,https://www.facebook.com/reel/1280878580624935/,https://www.facebook.com/linguoermechanic/reels/,2026-07-27,remaining,1082,,,,
1978088719734274,https://www.facebook.com/reel/1978088719734274/,https://www.facebook.com/linguoermechanic/reels/,2026-07-27,remaining,1083,,,,
665016815188661,https://www.facebook.com/reel/665016815188661/,https://www.facebook.com/linguoermechanic/reels/,2026-07-27,remaining,1084,,,,
449193504287846,https://www.facebook.com/reel/449193504287846/,https://www.facebook.com/linguoermechanic/reels/,2026-07-27,remaining,1085,,,,
2495885450572390,https://www.facebook.com/reel/2495885450572390/,https://www.facebook.com/linguoermechanic/reels/,2026-07-27,remaining,1086,,,,
1321838162971088,https://www.facebook.com/reel/1321838162971088/,https://www.facebook.com/linguoermechanic/reels/,2026-07-27,remaining,1087,,,,
1891709011262163,https://www.facebook.com/reel/1891709011262163/,https://web.facebook.com/TheFabrikRestoration/reels/,2026-08-08,remaining,1088,,,,
419568127242411,https://www.facebook.com/reel/419568127242411/,https://www.facebook.com/linguoermechanic/reels/,2026-07-27,remaining,1089,,,,
1019348110696625,https://www.facebook.com/reel/1019348110696625/,https://www.facebook.com/profile.php?id=61585812725679&sk=reels_tab,2026-07-27,remaining,1090,,,,
4574367752885732,https://www.facebook.com/reel/4574367752885732/,https://www.facebook.com/profile.php?id=61585812725679&sk=reels_tab,2026-07-27,remaining,1091,,,,
722555862936461,https://www.facebook.com/reel/722555862936461/,https://www.facebook.com/linguoermechanic/reels/,2026-07-27,remaining,1092,,,,
893491275137476,https://www.facebook.com/reel/893491275137476/,https://www.facebook.com/linguoermechanic/reels/,2026-07-27,remaining,1093,,,,
550286673362088,https://www.facebook.com/reel/550286673362088/,https://web.facebook.com/TheFabrikRestoration/reels/,2026-08-08,remaining,1094,,,,
825747207202387,https://www.facebook.com/reel/825747207202387/,https://www.facebook.com/profile.php?id=61585812725679&sk=reels_tab,2026-07-27,remaining,1095,,,,
1972374556980829,https://www.facebook.com/reel/1972374556980829/,https://www.facebook.com/profile.php?id=61585812725679&sk=reels_tab,2026-07-27,remaining,1096,,,,
1459311548086416,https://www.facebook.com/reel/1459311548086416/,https://www.facebook.com/linguoermechanic/reels/,2026-07-27,remaining,1097,,,,
564077825551789,https://www.facebook.com/reel/564077825551789/,https://www.facebook.com/linguoermechanic/reels/,2026-07-27,remaining,1098,,,,
1045216803217427,https://www.facebook.com/reel/1045216803217427/,https://www.facebook.com/linguoermechanic/reels/,2026-07-27,remaining,1099,,,,
1243236523420417,https://www.facebook.com/reel/1243236523420417/,https://web.facebook.com/TheFabrikRestoration/reels/,2026-08-08,remaining,1100,,,,
1463082275046024,https://www.facebook.com/reel/1463082275046024/,https://www.facebook.com/linguoermechanic/reels/,2026-07-27,remaining,1101,,,,
890430372391088,https://www.facebook.com/reel/890430372391088/,https://web.facebook.com/TheFabrikRestoration/reels/,2026-08-08,remaining,1102,,,,
1999116294321318,https://www.facebook.com/reel/1999116294321318/,https://www.facebook.com/profile.php?id=61585812725679&sk=reels_tab,2026-07-27,remaining,1103,,,,
2219930772173601,https://www.facebook.com/reel/2219930772173601/,https://www.facebook.com/profile.php?id=61585812725679&sk=reels_tab,2026-07-27,remaining,1104,,,,
835232695317991,https://www.facebook.com/reel/835232695317991/,https://web.facebook.com/TheFabrikRestoration/reels/,2026-08-08,remaining,1105,,,,
1726131398632235,https://www.facebook.com/reel/1726131398632235/,https://www.facebook.com/profile.php?id=61585812725679&sk=reels_tab,2026-07-27,remaining,1106,,,,
1558340835889703,https://www.facebook.com/reel/1558340835889703/,https://www.facebook.com/profile.php?id=61585812725679&sk=reels_tab,2026-07-27,remaining,1107,,,,
957062100390923,https://www.facebook.com/reel/957062100390923/,https://www.facebook.com/linguoermechanic/reels/,2026-07-27,remaining,1108,,,,
2847410728746765,https://www.facebook.com/reel/2847410728746765/,https://web.facebook.com/TheFabrikRestoration/reels/,2026-08-08,remaining,1109,,,,
522383230106328,https://www.facebook.com/reel/522383230106328/,https://www.facebook.com/linguoermechanic/reels/,2026-07-27,remaining,1110,,,,
484789856937063,https://www.facebook.com/reel/484789856937063/,https://www.facebook.com/linguoermechanic/reels/,2026-07-27,remaining,1111,,,,
702201479583660,https://www.facebook.com/reel/702201479583660/,https://www.facebook.com/linguoermechanic/reels/,2026-07-27,remaining,1112,,,,
1293536578437408,https://www.facebook.com/reel/1293536578437408/,https://www.facebook.com/linguoermechanic/reels/,2026-07-27,remaining,1113,,,,
1565275381316074,https://www.facebook.com/reel/1565275381316074/,https://www.facebook.com/linguoermechanic/reels/,2026-07-27,remaining,1114,,,,
1509962807466080,https://www.facebook.com/reel/1509962807466080/,https://www.facebook.com/linguoermechanic/reels/,2026-07-27,remaining,1115,,,,
1701222894154664,https://www.facebook.com/reel/1701222894154664/,https://www.facebook.com/linguoermechanic/reels/,2026-07-27,remaining,1116,,,,
994229022851820,https://www.facebook.com/reel/994229022851820/,https://www.facebook.com/linguoermechanic/reels/,2026-07-27,remaining,1117,,,,
2158053041324154,https://www.facebook.com/reel/2158053041324154/,https://www.facebook.com/linguoermechanic/reels/,2026-07-27,remaining,1118,,,,
1658656401954419,https://www.facebook.com/reel/1658656401954419/,https://www.facebook.com/profile.php?id=61585812725679&sk=reels_tab,2026-07-27,remaining,1119,,,,
729128806126693,https://www.facebook.com/reel/729128806126693/,https://www.facebook.com/linguoermechanic/reels/,2026-07-27,remaining,1120,,,,
1455054956310924,https://www.facebook.com/reel/1455054956310924/,https://www.facebook.com/profile.php?id=61585812725679&sk=reels_tab,2026-07-27,remaining,1121,,,,
1403274774323545,https://www.facebook.com/reel/1403274774323545/,https://www.facebook.com/linguoermechanic/reels/,2026-07-27,remaining,1122,,,,
1107751938203205,https://www.facebook.com/reel/1107751938203205/,https://www.facebook.com/profile.php?id=61585812725679&sk=reels_tab,2026-07-27,remaining,1123,,,,
644644747373542,https://www.facebook.com/reel/644644747373542/,https://www.facebook.com/linguoermechanic/reels/,2026-07-27,remaining,1124,,,,
814145921164258,https://www.facebook.com/reel/814145921164258/,https://www.facebook.com/linguoermechanic/reels/,2026-07-27,remaining,1125,,,,
630861008476068,https://www.facebook.com/reel/630861008476068/,https://www.facebook.com/linguoermechanic/reels/,2026-07-27,remaining,1126,,,,
1189578743159866,https://www.facebook.com/reel/1189578743159866/,https://www.facebook.com/profile.php?id=61585812725679&sk=reels_tab,2026-07-27,remaining,1127,,,,
2694078204117582,https://www.facebook.com/reel/2694078204117582/,https://www.facebook.com/linguoermechanic/reels/,2026-07-27,remaining,1128,,,,
1354799748613699,https://www.facebook.com/reel/1354799748613699/,https://www.facebook.com/linguoermechanic/reels/,2026-07-27,remaining,1129,,,,
1216148226523590,https://www.facebook.com/reel/1216148226523590/,https://www.facebook.com/linguoermechanic/reels/,2026-07-27,remaining,1130,,,,
1244840246902924,https://www.facebook.com/reel/1244840246902924/,https://www.facebook.com/linguoermechanic/reels/,2026-07-27,remaining,1131,,,,
1735961430420143,https://www.facebook.com/reel/1735961430420143/,https://www.facebook.com/linguoermechanic/reels/,2026-07-27,remaining,1132,,,,
1398681628129895,https://www.facebook.com/reel/1398681628129895/,https://www.facebook.com/linguoermechanic/reels/,2026-07-27,remaining,1133,,,,
1698691104453270,https://www.facebook.com/reel/1698691104453270/,https://www.facebook.com/profile.php?id=61585812725679&sk=reels_tab,2026-07-27,remaining,1134,,,,
1354802129979186,https://www.facebook.com/reel/1354802129979186/,https://www.facebook.com/linguoermechanic/reels/,2026-07-27,remaining,1135,,,,
504489781314003,https://www.facebook.com/reel/504489781314003/,https://www.facebook.com/linguoermechanic/reels/,2026-07-27,remaining,1136,,,,
1393667934910493,https://www.facebook.com/reel/1393667934910493/,https://www.facebook.com/linguoermechanic/reels/,2026-07-27,remaining,1137,,,,
903262699387722,https://www.facebook.com/reel/903262699387722/,https://www.facebook.com/profile.php?id=61585812725679&sk=reels_tab,2026-07-27,remaining,1138,,,,
7689375871113105,https://www.facebook.com/reel/7689375871113105/,https://web.facebook.com/TheFabrikRestoration/reels/,2026-08-08,remaining,1139,,,,
1276834501178762,https://www.facebook.com/reel/1276834501178762/,https://www.facebook.com/profile.php?id=61585812725679&sk=reels_tab,2026-07-27,remaining,1140,,,,
24527802440229357,https://www.facebook.com/reel/24527802440229357/,https://www.facebook.com/profile.php?id=61585812725679&sk=reels_tab,2026-07-27,remaining,1141,,,,
442687818154941,https://www.facebook.com/reel/442687818154941/,https://web.facebook.com/TheFabrikRestoration/reels/,2026-08-08,remaining,1142,,,,
1561515784855274,https://www.facebook.com/reel/1561515784855274/,https://www.facebook.com/linguoermechanic/reels/,2026-07-27,remaining,1143,,,,
892902128707266,https://www.facebook.com/reel/892902128707266/,https://web.facebook.com/TheFabrikRestoration/reels/,2026-08-08,remaining,1144,,,,
274932664974858,https://www.facebook.com/reel/274932664974858/,https://web.facebook.com/TheFabrikRestoration/reels/,2026-08-08,remaining,1145,,,,
870860622009981,https://www.facebook.com/reel/870860622009981/,https://web.facebook.com/TheFabrikRestoration/reels/,2026-08-08,remaining,1146,,,,
1109235677574993,https://www.facebook.com/reel/1109235677574993/,https://www.facebook.com/linguoermechanic/reels/,2026-07-27,remaining,1147,,,,
497745752848366,https://www.facebook.com/reel/497745752848366/,https://web.facebook.com/TheFabrikRestoration/reels/,2026-08-08,remaining,1148,,,,
676730805114564,https://www.facebook.com/reel/676730805114564/,https://www.facebook.com/linguoermechanic/reels/,2026-07-27,remaining,1149,,,,
3907955796003913,https://www.facebook.com/reel/3907955796003913/,https://web.facebook.com/TheFabrikRestoration/reels/,2026-08-08,remaining,1150,,,,
1836373997753788,https://www.facebook.com/reel/1836373997753788/,https://web.facebook.com/TheFabrikRestoration/reels/,2026-08-08,remaining,1151,,,,
2195483794596130,https://www.facebook.com/reel/2195483794596130/,https://www.facebook.com/linguoermechanic/reels/,2026-07-27,remaining,1152,,,,
1531337378557307,https://www.facebook.com/reel/1531337378557307/,https://www.facebook.com/profile.php?id=61585812725679&sk=reels_tab,2026-07-27,remaining,1153,,,,
2226954624412873,https://www.facebook.com/reel/2226954624412873/,https://www.facebook.com/linguoermechanic/reels/,2026-07-27,remaining,1154,,,,
849513896876731,https://www.facebook.com/reel/849513896876731/,https://www.facebook.com/linguoermechanic/reels/,2026-07-27,remaining,1155,,,,
1273913060542047,https://www.facebook.com/reel/1273913060542047/,https://www.facebook.com/linguoermechanic/reels/,2026-07-27,remaining,1156,,,,
2296346997854804,https://www.facebook.com/reel/2296346997854804/,https://web.facebook.com/TheFabrikRestoration/reels/,2026-08-08,remaining,1157,,,,
1334094490875821,https://www.facebook.com/reel/1334094490875821/,https://www.facebook.com/linguoermechanic/reels/,2026-07-27,remaining,1158,,,,
2451352525374740,https://www.facebook.com/reel/2451352525374740/,https://www.facebook.com/linguoermechanic/reels/,2026-07-27,remaining,1159,,,,
1335606667279684,https://www.facebook.com/reel/1335606667279684/,https://www.facebook.com/linguoermechanic/reels/,2026-07-27,remaining,1160,,,,
512170988155932,https://www.facebook.com/reel/512170988155932/,https://www.facebook.com/linguoermechanic/reels/,2026-07-27,remaining,1161,,,,
4242584389208114,https://www.facebook.com/reel/4242584389208114/,https://www.facebook.com/profile.php?id=61585812725679&sk=reels_tab,2026-07-27,remaining,1162,,,,
1310882880971936,https://www.facebook.com/reel/1310882880971936/,https://www.facebook.com/profile.php?id=61585812725679&sk=reels_tab,2026-07-27,remaining,1163,,,,
690888067350387,https://www.facebook.com/reel/690888067350387/,https://www.facebook.com/linguoermechanic/reels/,2026-07-27,remaining,1164,,,,
878332511546564,https://www.facebook.com/reel/878332511546564/,https://www.facebook.com/linguoermechanic/reels/,2026-07-27,remaining,1165,,,,
1639565120516996,https://www.facebook.com/reel/1639565120516996/,https://web.facebook.com/TheFabrikRestoration/reels/,2026-08-08,remaining,1166,,,,
1728575285010304,https://www.facebook.com/reel/1728575285010304/,https://www.facebook.com/profile.php?id=61585812725679&sk=reels_tab,2026-07-27,remaining,1167,,,,
1941839906387752,https://www.facebook.com/reel/1941839906387752/,https://www.facebook.com/linguoermechanic/reels/,2026-07-27,remaining,1168,,,,
962577370149911,https://www.facebook.com/reel/962577370149911/,https://www.facebook.com/profile.php?id=61585812725679&sk=reels_tab,2026-07-27,remaining,1169,,,,
1081164380345656,https://www.facebook.com/reel/1081164380345656/,https://www.facebook.com/linguoermechanic/reels/,2026-07-27,remaining,1170,,,,
804170559316068,https://www.facebook.com/reel/804170559316068/,https://web.facebook.com/TheFabrikRestoration/reels/,2026-08-08,remaining,1171,,,,
1854815135120150,https://www.facebook.com/reel/1854815135120150/,https://www.facebook.com/linguoermechanic/reels/,2026-07-27,remaining,1172,,,,
1364222759037728,https://www.facebook.com/reel/1364222759037728/,https://web.facebook.com/TheFabrikRestoration/reels/,2026-08-08,remaining,1173,,,,
993611950079120,https://www.facebook.com/reel/993611950079120/,https://www.facebook.com/profile.php?id=61585812725679&sk=reels_tab,2026-07-27,remaining,1174,,,,
572939922516982,https://www.facebook.com/reel/572939922516982/,https://www.facebook.com/linguoermechanic/reels/,2026-07-27,remaining,1175,,,,
736554345924495,https://www.facebook.com/reel/736554345924495/,https://www.facebook.com/linguoermechanic/reels/,2026-07-27,remaining,1176,,,,
1417606076726372,https://www.facebook.com/reel/1417606076726372/,https://web.facebook.com/TheFabrikRestoration/reels/,2026-08-08,remaining,1177,,,,
758285665939048,https://www.facebook.com/reel/758285665939048/,https://www.facebook.com/linguoermechanic/reels/,2026-07-27,remaining,1178,,,,
719297969402143,https://www.facebook.com/reel/719297969402143/,https://www.facebook.com/linguoermechanic/reels/,2026-07-27,remaining,1179,,,,
1120043013270671,https://www.facebook.com/reel/1120043013270671/,https://www.facebook.com/linguoermechanic/reels/,2026-07-27,remaining,1180,,,,
1415677450263835,https://www.facebook.com/reel/1415677450263835/,https://www.facebook.com/linguoermechanic/reels/,2026-07-27,remaining,1181,,,,
777163458409099,https://www.facebook.com/reel/777163458409099/,https://www.facebook.com/linguoermechanic/reels/,2026-07-27,remaining,1182,,,,
1134719720752595,https://www.facebook.com/reel/1134719720752595/,https://www.facebook.com/linguoermechanic/reels/,2026-07-27,remaining,1183,,,,
973769148691364,https://www.facebook.com/reel/973769148691364/,https://www.facebook.com/linguoermechanic/reels/,2026-07-27,remaining,1184,,,,
583016557339976,https://www.facebook.com/reel/583016557339976/,https://www.facebook.com/linguoermechanic/reels/,2026-07-27,remaining,1185,,,,
1246665789422777,https://www.facebook.com/reel/1246665789422777/,https://www.facebook.com/linguoermechanic/reels/,2026-07-27,remaining,1186,,,,
1549208996182296,https://www.facebook.com/reel/1549208996182296/,https://www.facebook.com/profile.php?id=61585812725679&sk=reels_tab,2026-07-27,remaining,1187,,,,
850488191260201,https://www.facebook.com/reel/850488191260201/,https://www.facebook.com/profile.php?id=61585812725679&sk=reels_tab,2026-07-27,remaining,1188,,,,
1036537045987832,https://www.facebook.com/reel/1036537045987832/,https://www.facebook.com/profile.php?id=61585812725679&sk=reels_tab,2026-07-27,remaining,1189,,,,
3199147273623738,https://www.facebook.com/reel/3199147273623738/,https://www.facebook.com/linguoermechanic/reels/,2026-07-27,remaining,1190,,,,
1592301978587695,https://www.facebook.com/reel/1592301978587695/,https://www.facebook.com/linguoermechanic/reels/,2026-07-27,remaining,1191,,,,
819053853994459,https://www.facebook.com/reel/819053853994459/,https://www.facebook.com/linguoermechanic/reels/,2026-07-27,remaining,1192,,,,
640797441172430,https://www.facebook.com/reel/640797441172430/,https://www.facebook.com/linguoermechanic/reels/,2026-07-27,remaining,1193,,,,
1159900068588930,https://www.facebook.com/reel/1159900068588930/,https://web.facebook.com/TheFabrikRestoration/reels/,2026-08-08,remaining,1194,,,,
1010573388186695,https://www.facebook.com/reel/1010573388186695/,https://www.facebook.com/linguoermechanic/reels/,2026-07-27,remaining,1195,,,,
2152951158560072,https://www.facebook.com/reel/2152951158560072/,https://www.facebook.com/linguoermechanic/reels/,2026-07-27,remaining,1196,,,,
1845272249146844,https://www.facebook.com/reel/1845272249146844/,https://web.facebook.com/TheFabrikRestoration/reels/,2026-08-08,remaining,1197,,,,
832138748286696,https://www.facebook.com/reel/832138748286696/,https://web.facebook.com/TheFabrikRestoration/reels/,2026-08-08,remaining,1198,,,,
1707762703285295,https://www.facebook.com/reel/1707762703285295/,https://www.facebook.com/linguoermechanic/reels/,2026-07-27,remaining,1199,,,,
1021131207072525,https://www.facebook.com/reel/1021131207072525/,https://www.facebook.com/profile.php?id=61585812725679&sk=reels_tab,2026-07-27,remaining,1200,,,,
1087810632117848,https://www.facebook.com/reel/1087810632117848/,https://web.facebook.com/TheFabrikRestoration/reels/,2026-08-08,remaining,1201,,,,
1482323882997673,https://www.facebook.com/reel/1482323882997673/,https://web.facebook.com/TheFabrikRestoration/reels/,2026-08-08,remaining,1202,,,,
858207340661856,https://www.facebook.com/reel/858207340661856/,https://www.facebook.com/profile.php?id=61585812725679&sk=reels_tab,2026-07-27,remaining,1203,,,,
1724386565383709,https://www.facebook.com/reel/1724386565383709/,https://www.facebook.com/profile.php?id=61585812725679&sk=reels_tab,2026-07-27,remaining,1204,,,,
1752491952775469,https://www.facebook.com/reel/1752491952775469/,https://www.facebook.com/profile.php?id=61585812725679&sk=reels_tab,2026-07-27,remaining,1205,,,,
803168222446192,https://www.facebook.com/reel/803168222446192/,https://www.facebook.com/linguoermechanic/reels/,2026-07-27,remaining,1206,,,,
626488186189505,https://www.facebook.com/reel/626488186189505/,https://www.facebook.com/linguoermechanic/reels/,2026-07-27,remaining,1207,,,,
916997840894807,https://www.facebook.com/reel/916997840894807/,https://web.facebook.com/TheFabrikRestoration/reels/,2026-08-08,remaining,1208,,,,
639720302307842,https://www.facebook.com/reel/639720302307842/,https://www.facebook.com/linguoermechanic/reels/,2026-07-27,remaining,1209,,,,
193114360502759,https://www.facebook.com/reel/193114360502759/,https://www.facebook.com/linguoermechanic/reels/,2026-07-27,remaining,1210,,,,
1494152867745360,https://www.facebook.com/reel/1494152867745360/,https://www.facebook.com/linguoermechanic/reels/,2026-07-27,remaining,1211,,,,
2058724904550771,https://www.facebook.com/reel/2058724904550771/,https://web.facebook.com/TheFabrikRestoration/reels/,2026-08-08,remaining,1212,,,,
1152924273534460,https://www.facebook.com/reel/1152924273534460/,https://www.facebook.com/linguoermechanic/reels/,2026-07-27,remaining,1213,,,,
4283067048588961,https://www.facebook.com/reel/4283067048588961/,https://www.facebook.com/linguoermechanic/reels/,2026-07-27,remaining,1214,,,,
2072008453351648,https://www.facebook.com/reel/2072008453351648/,https://www.facebook.com/profile.php?id=61585812725679&sk=reels_tab,2026-07-27,remaining,1215,,,,
1116958123854549,https://www.facebook.com/reel/1116958123854549/,https://web.facebook.com/TheFabrikRestoration/reels/,2026-08-08,remaining,1216,,,,
607737441468614,https://www.facebook.com/reel/607737441468614/,https://www.facebook.com/linguoermechanic/reels/,2026-07-27,remaining,1217,,,,
995866416714552,https://www.facebook.com/reel/995866416714552/,https://www.facebook.com/profile.php?id=61585812725679&sk=reels_tab,2026-07-27,remaining,1218,,,,
1308814323218331,https://www.facebook.com/reel/1308814323218331/,https://www.facebook.com/linguoermechanic/reels/,2026-07-27,remaining,1219,,,,
1250933583434291,https://www.facebook.com/reel/1250933583434291/,https://www.facebook.com/linguoermechanic/reels/,2026-07-27,remaining,1220,,,,
2064625427784460,https://www.facebook.com/reel/2064625427784460/,https://web.facebook.com/TheFabrikRestoration/reels/,2026-08-08,remaining,1221,,,,
1598181231293977,https://www.facebook.com/reel/1598181231293977/,https://www.facebook.com/linguoermechanic/reels/,2026-07-27,remaining,1222,,,,
1613032419758529,https://www.facebook.com/reel/1613032419758529/,https://www.facebook.com/profile.php?id=61585812725679&sk=reels_tab,2026-07-27,remaining,1223,,,,
331888448977894,https://www.facebook.com/reel/331888448977894/,https://web.facebook.com/TheFabrikRestoration/reels/,2026-08-08,remaining,1224,,,,
2082564262681355,https://www.facebook.com/reel/2082564262681355/,https://www.facebook.com/profile.php?id=61585812725679&sk=reels_tab,2026-07-27,remaining,1225,,,,
4416352082013622,https://www.facebook.com/reel/4416352082013622/,https://www.facebook.com/profile.php?id=61585812725679&sk=reels_tab,2026-07-27,remaining,1226,,,,
1443876380373481,https://www.facebook.com/reel/1443876380373481/,https://www.facebook.com/linguoermechanic/reels/,2026-07-27,remaining,1227,,,,
1633258764008275,https://www.facebook.com/reel/1633258764008275/,https://www.facebook.com/linguoermechanic/reels/,2026-07-27,remaining,1228,,,,
27392747476988264,https://www.facebook.com/reel/27392747476988264/,https://www.facebook.com/profile.php?id=61585812725679&sk=reels_tab,2026-07-27,remaining,1229,,,,
1783303221866636,https://www.facebook.com/reel/1783303221866636/,https://web.facebook.com/TheFabrikRestoration/reels/,2026-08-08,remaining,1230,,,,
1734685491019746,https://www.facebook.com/reel/1734685491019746/,https://www.facebook.com/profile.php?id=61585812725679&sk=reels_tab,2026-07-27,remaining,1231,,,,
936088074074302,https://www.facebook.com/reel/936088074074302/,https://www.facebook.com/linguoermechanic/reels/,2026-07-27,remaining,1232,,,,
614106710996314,https://www.facebook.com/reel/614106710996314/,https://www.facebook.com/linguoermechanic/reels/,2026-07-27,remaining,1233,,,,
2992951744346770,https://www.facebook.com/reel/2992951744346770/,https://www.facebook.com/linguoermechanic/reels/,2026-07-27,remaining,1234,,,,
1518592636392612,https://www.facebook.com/reel/1518592636392612/,https://web.facebook.com/TheFabrikRestoration/reels/,2026-08-08,remaining,1235,,,,
571073129185901,https://www.facebook.com/reel/571073129185901/,https://www.facebook.com/linguoermechanic/reels/,2026-07-27,remaining,1236,,,,
26582969244665399,https://www.facebook.com/reel/26582969244665399/,https://www.facebook.com/profile.php?id=61585812725679&sk=reels_tab,2026-07-27,remaining,1237,,,,
1166579791607756,https://www.facebook.com/reel/1166579791607756/,https://www.facebook.com/linguoermechanic/reels/,2026-07-27,remaining,1238,,,,
374271412367051,https://www.facebook.com/reel/374271412367051/,https://www.facebook.com/linguoermechanic/reels/,2026-07-27,remaining,1239,,,,
2415744252254818,https://www.facebook.com/reel/2415744252254818/,https://www.facebook.com/linguoermechanic/reels/,2026-07-27,remaining,1240,,,,
760991275468604,https://www.facebook.com/reel/760991275468604/,https://web.facebook.com/TheFabrikRestoration/reels/,2026-08-08,remaining,1241,,,,
920754160083831,https://www.facebook.com/reel/920754160083831/,https://www.facebook.com/linguoermechanic/reels/,2026-07-27,remaining,1242,,,,
915150414727687,https://www.facebook.com/reel/915150414727687/,https://www.facebook.com/profile.php?id=61585812725679&sk=reels_tab,2026-07-27,remaining,1243,,,,
27713518415005104,https://www.facebook.com/reel/27713518415005104/,https://www.facebook.com/profile.php?id=61585812725679&sk=reels_tab,2026-07-27,remaining,1244,,,,
1636412970430781,https://www.facebook.com/reel/1636412970430781/,https://web.facebook.com/TheFabrikRestoration/reels/,2026-08-08,remaining,1245,,,,
2406781453096428,https://www.facebook.com/reel/2406781453096428/,https://www.facebook.com/linguoermechanic/reels/,2026-07-27,remaining,1246,,,,
401831198614023,https://www.facebook.com/reel/401831198614023/,https://www.facebook.com/linguoermechanic/reels/,2026-07-27,remaining,1247,,,,
1466877108151335,https://www.facebook.com/reel/1466877108151335/,https://web.facebook.com/TheFabrikRestoration/reels/,2026-08-08,remaining,1248,,,,
1488360672940054,https://www.facebook.com/reel/1488360672940054/,https://www.facebook.com/profile.php?id=61585812725679&sk=reels_tab,2026-07-27,remaining,1249,,,,
1078863564199335,https://www.facebook.com/reel/1078863564199335/,https://www.facebook.com/linguoermechanic/reels/,2026-07-27,remaining,1250,,,,
1020477164270216,https://www.facebook.com/reel/1020477164270216/,https://www.facebook.com/profile.php?id=61585812725679&sk=reels_tab,2026-07-27,remaining,1251,,,,
1637733590669284,https://www.facebook.com/reel/1637733590669284/,https://www.facebook.com/profile.php?id=61585812725679&sk=reels_tab,2026-07-27,remaining,1252,,,,
3628716540762824,https://www.facebook.com/reel/3628716540762824/,https://www.facebook.com/linguoermechanic/reels/,2026-07-27,remaining,1253,,,,
1444808509793219,https://www.facebook.com/reel/1444808509793219/,https://web.facebook.com/TheFabrikRestoration/reels/,2026-08-08,remaining,1254,,,,
2810384829125755,https://www.facebook.com/reel/2810384829125755/,https://www.facebook.com/linguoermechanic/reels/,2026-07-27,remaining,1255,,,,
294805606317089,https://www.facebook.com/reel/294805606317089/,https://web.facebook.com/TheFabrikRestoration/reels/,2026-08-08,remaining,1256,,,,
905741838066191,https://www.facebook.com/reel/905741838066191/,https://www.facebook.com/linguoermechanic/reels/,2026-07-27,remaining,1257,,,,
561160057083551,https://www.facebook.com/reel/561160057083551/,https://web.facebook.com/TheFabrikRestoration/reels/,2026-08-08,remaining,1258,,,,
1574492836415595,https://www.facebook.com/reel/1574492836415595/,https://web.facebook.com/TheFabrikRestoration/reels/,2026-08-08,remaining,1259,,,,
1349836340445154,https://www.facebook.com/reel/1349836340445154/,https://www.facebook.com/profile.php?id=61585812725679&sk=reels_tab,2026-07-27,remaining,1260,,,,
966358934811952,https://www.facebook.com/reel/966358934811952/,https://www.facebook.com/linguoermechanic/reels/,2026-07-27,remaining,1261,,,,
482197094909912,https://www.facebook.com/reel/482197094909912/,https://www.facebook.com/linguoermechanic/reels/,2026-07-27,remaining,1262,,,,
1245772855965729,https://www.facebook.com/reel/1245772855965729/,https://www.facebook.com/linguoermechanic/reels/,2026-07-27,remaining,1263,,,,
1283570166995639,https://www.facebook.com/reel/1283570166995639/,https://www.facebook.com/profile.php?id=61585812725679&sk=reels_tab,2026-07-27,remaining,1264,,,,
468394241987260,https://www.facebook.com/reel/468394241987260/,https://www.facebook.com/linguoermechanic/reels/,2026-07-27,remaining,1265,,,,
1392698645247367,https://www.facebook.com/reel/1392698645247367/,https://www.facebook.com/linguoermechanic/reels/,2026-07-27,remaining,1266,,,,
2389752398105816,https://www.facebook.com/reel/2389752398105816/,https://www.facebook.com/linguoermechanic/reels/,2026-07-27,remaining,1267,,,,
451524943166485,https://www.facebook.com/reel/451524943166485/,https://www.facebook.com/linguoermechanic/reels/,2026-07-27,remaining,1268,,,,
675710610652588,https://www.facebook.com/reel/675710610652588/,https://web.facebook.com/TheFabrikRestoration/reels/,2026-08-08,remaining,1269,,,,
1385935948715039,https://www.facebook.com/reel/1385935948715039/,https://web.facebook.com/TheFabrikRestoration/reels/,2026-08-08,remaining,1270,,,,
819269179137823,https://www.facebook.com/reel/819269179137823/,https://web.facebook.com/TheFabrikRestoration/reels/,2026-08-08,remaining,1271,,,,
1113800397225339,https://www.facebook.com/reel/1113800397225339/,https://www.facebook.com/linguoermechanic/reels/,2026-07-27,remaining,1272,,,,
671911271971302,https://www.facebook.com/reel/671911271971302/,https://www.facebook.com/linguoermechanic/reels/,2026-07-27,remaining,1273,,,,
552463189961604,https://www.facebook.com/reel/552463189961604/,https://web.facebook.com/TheFabrikRestoration/reels/,2026-08-08,remaining,1274,,,,
866083659357151,https://www.facebook.com/reel/866083659357151/,https://web.facebook.com/TheFabrikRestoration/reels/,2026-08-08,remaining,1275,,,,
1258940615488519,https://www.facebook.com/reel/1258940615488519/,https://www.facebook.com/linguoermechanic/reels/,2026-07-27,remaining,1276,,,,
961254133405984,https://www.facebook.com/reel/961254133405984/,https://www.facebook.com/profile.php?id=61585812725679&sk=reels_tab,2026-07-27,remaining,1277,,,,
525593953612313,https://www.facebook.com/reel/525593953612313/,https://www.facebook.com/linguoermechanic/reels/,2026-07-27,remaining,1278,,,,
1242615167479769,https://www.facebook.com/reel/1242615167479769/,https://www.facebook.com/linguoermechanic/reels/,2026-07-27,remaining,1279,,,,
7360658350653149,https://www.facebook.com/reel/7360658350653149/,https://www.facebook.com/linguoermechanic/reels/,2026-07-27,remaining,1280,,,,
1241110614823155,https://www.facebook.com/reel/1241110614823155/,https://www.facebook.com/linguoermechanic/reels/,2026-07-27,remaining,1281,,,,
845360798591916,https://www.facebook.com/reel/845360798591916/,https://www.facebook.com/profile.php?id=61585812725679&sk=reels_tab,2026-07-27,remaining,1282,,,,
1574068300412533,https://www.facebook.com/reel/1574068300412533/,https://www.facebook.com/linguoermechanic/reels/,2026-07-27,remaining,1283,,,,
1352714719825253,https://www.facebook.com/reel/1352714719825253/,https://www.facebook.com/linguoermechanic/reels/,2026-07-27,remaining,1284,,,,
959256270322103,https://www.facebook.com/reel/959256270322103/,https://www.facebook.com/profile.php?id=61585812725679&sk=reels_tab,2026-07-27,remaining,1285,,,,
1158370732441562,https://www.facebook.com/reel/1158370732441562/,https://www.facebook.com/linguoermechanic/reels/,2026-07-27,remaining,1286,,,,
628504896277667,https://www.facebook.com/reel/628504896277667/,https://www.facebook.com/linguoermechanic/reels/,2026-07-27,remaining,1287,,,,
838263505285964,https://www.facebook.com/reel/838263505285964/,https://www.facebook.com/linguoermechanic/reels/,2026-07-27,remaining,1288,,,,
315011501144740,https://www.facebook.com/reel/315011501144740/,https://www.facebook.com/linguoermechanic/reels/,2026-07-27,remaining,1289,,,,
4223073854642013,https://www.facebook.com/reel/4223073854642013/,https://www.facebook.com/linguoermechanic/reels/,2026-07-27,remaining,1290,,,,
1043959405162113,https://www.facebook.com/reel/1043959405162113/,https://www.facebook.com/profile.php?id=61585812725679&sk=reels_tab,2026-07-27,remaining,1291,,,,
2000517234054247,https://www.facebook.com/reel/2000517234054247/,https://www.facebook.com/linguoermechanic/reels/,2026-07-27,remaining,1292,,,,
318907347772009,https://www.facebook.com/reel/318907347772009/,https://www.facebook.com/linguoermechanic/reels/,2026-07-27,remaining,1293,,,,
1475906973685711,https://www.facebook.com/reel/1475906973685711/,https://www.facebook.com/linguoermechanic/reels/,2026-07-27,remaining,1294,,,,
1344765247566621,https://www.facebook.com/reel/1344765247566621/,https://www.facebook.com/profile.php?id=61585812725679&sk=reels_tab,2026-07-27,remaining,1295,,,,
1183994476277401,https://www.facebook.com/reel/1183994476277401/,https://www.facebook.com/linguoermechanic/reels/,2026-07-27,remaining,1296,,,,
1332608455746786,https://www.facebook.com/reel/1332608455746786/,https://www.facebook.com/profile.php?id=61585812725679&sk=reels_tab,2026-07-27,remaining,1297,,,,
1386572159112170,https://www.facebook.com/reel/1386572159112170/,https://www.facebook.com/linguoermechanic/reels/,2026-07-27,remaining,1298,,,,
934878626086274,https://www.facebook.com/reel/934878626086274/,https://www.facebook.com/linguoermechanic/reels/,2026-07-27,remaining,1299,,,,
1688325155187789,https://www.facebook.com/reel/1688325155187789/,https://www.facebook.com/linguoermechanic/reels/,2026-07-27,remaining,1300,,,,
880697874118491,https://www.facebook.com/reel/880697874118491/,https://www.facebook.com/linguoermechanic/reels/,2026-07-27,remaining,1301,,,,
672736418821090,https://www.facebook.com/reel/672736418821090/,https://www.facebook.com/linguoermechanic/reels/,2026-07-27,remaining,1302,,,,
702439378601066,https://www.facebook.com/reel/702439378601066/,https://web.facebook.com/TheFabrikRestoration/reels/,2026-08-08,remaining,1303,,,,
1502320824199435,https://www.facebook.com/reel/1502320824199435/,https://www.facebook.com/profile.php?id=61585812725679&sk=reels_tab,2026-07-27,remaining,1304,,,,
24950397741314164,https://www.facebook.com/reel/24950397741314164/,https://web.facebook.com/TheFabrikRestoration/reels/,2026-08-08,remaining,1305,,,,
1140013560058386,https://www.facebook.com/reel/1140013560058386/,https://www.facebook.com/linguoermechanic/reels/,2026-07-27,remaining,1306,,,,
1782506375647693,https://www.facebook.com/reel/1782506375647693/,https://www.facebook.com/linguoermechanic/reels/,2026-07-27,remaining,1307,,,,
615146473324747,https://www.facebook.com/reel/615146473324747/,https://www.facebook.com/linguoermechanic/reels/,2026-07-27,remaining,1308,,,,
1899101680983181,https://www.facebook.com/reel/1899101680983181/,https://web.facebook.com/TheFabrikRestoration/reels/,2026-08-08,remaining,1309,,,,
900790410946109,https://www.facebook.com/reel/900790410946109/,https://www.facebook.com/linguoermechanic/reels/,2026-07-27,remaining,1310,,,,
883109458005441,https://www.facebook.com/reel/883109458005441/,https://www.facebook.com/linguoermechanic/reels/,2026-07-27,remaining,1311,,,,
1180897956973922,https://www.facebook.com/reel/1180897956973922/,https://web.facebook.com/TheFabrikRestoration/reels/,2026-08-08,remaining,1312,,,,
290764810087903,https://www.facebook.com/reel/290764810087903/,https://web.facebook.com/TheFabrikRestoration/reels/,2026-08-08,remaining,1313,,,,
1172350241507783,https://www.facebook.com/reel/1172350241507783/,https://www.facebook.com/linguoermechanic/reels/,2026-07-27,remaining,1314,,,,
792042790279895,https://www.facebook.com/reel/792042790279895/,https://www.facebook.com/linguoermechanic/reels/,2026-07-27,remaining,1315,,,,
1010076043873534,https://www.facebook.com/reel/1010076043873534/,https://www.facebook.com/linguoermechanic/reels/,2026-07-27,remaining,1316,,,,
957840810423622,https://www.facebook.com/reel/957840810423622/,https://web.facebook.com/TheFabrikRestoration/reels/,2026-08-08,remaining,1317,,,,
763608529640435,https://www.facebook.com/reel/763608529640435/,https://www.facebook.com/linguoermechanic/reels/,2026-07-27,remaining,1318,,,,
1585613253359437,https://www.facebook.com/reel/1585613253359437/,https://www.facebook.com/profile.php?id=61585812725679&sk=reels_tab,2026-07-27,remaining,1319,,,,
981451432867362,https://www.facebook.com/reel/981451432867362/,https://web.facebook.com/TheFabrikRestoration/reels/,2026-08-08,remaining,1320,,,,
1692409758717091,https://www.facebook.com/reel/1692409758717091/,https://www.facebook.com/profile.php?id=61585812725679&sk=reels_tab,2026-07-27,remaining,1321,,,,
1674515339872654,https://www.facebook.com/reel/1674515339872654/,https://www.facebook.com/linguoermechanic/reels/,2026-07-27,remaining,1322,,,,
1318712181989258,https://www.facebook.com/reel/1318712181989258/,https://web.facebook.com/TheFabrikRestoration/reels/,2026-08-08,remaining,1323,,,,
1062228829558005,https://www.facebook.com/reel/1062228829558005/,https://www.facebook.com/profile.php?id=61585812725679&sk=reels_tab,2026-07-27,remaining,1324,,,,
2125535961317899,https://www.facebook.com/reel/2125535961317899/,https://www.facebook.com/profile.php?id=61585812725679&sk=reels_tab,2026-07-27,remaining,1325,,,,
970025487318682,https://www.facebook.com/reel/970025487318682/,https://www.facebook.com/linguoermechanic/reels/,2026-07-27,remaining,1326,,,,
774025345023740,https://www.facebook.com/reel/774025345023740/,https://www.facebook.com/linguoermechanic/reels/,2026-07-27,remaining,1327,,,,
5796154110413683,https://www.facebook.com/reel/5796154110413683/,https://www.facebook.com/linguoermechanic/reels/,2026-07-27,remaining,1328,,,,
1377816076984370,https://www.facebook.com/reel/1377816076984370/,https://www.facebook.com/profile.php?id=61585812725679&sk=reels_tab,2026-07-27,remaining,1329,,,,
1372754980102073,https://www.facebook.com/reel/1372754980102073/,https://www.facebook.com/linguoermechanic/reels/,2026-07-27,remaining,1330,,,,
813156748157974,https://www.facebook.com/reel/813156748157974/,https://www.facebook.com/profile.php?id=61585812725679&sk=reels_tab,2026-07-27,remaining,1331,,,,
337805961662692,https://www.facebook.com/reel/337805961662692/,https://web.facebook.com/TheFabrikRestoration/reels/,2026-08-08,remaining,1332,,,,
2439770906457949,https://www.facebook.com/reel/2439770906457949/,https://www.facebook.com/profile.php?id=61585812725679&sk=reels_tab,2026-07-27,remaining,1333,,,,
302496382715983,https://www.facebook.com/reel/302496382715983/,https://www.facebook.com/linguoermechanic/reels/,2026-07-27,remaining,1334,,,,
1569255417519458,https://www.facebook.com/reel/1569255417519458/,https://www.facebook.com/profile.php?id=61585812725679&sk=reels_tab,2026-07-27,remaining,1335,,,,
1604106370043800,https://www.facebook.com/reel/1604106370043800/,https://www.facebook.com/linguoermechanic/reels/,2026-07-27,remaining,1336,,,,
707121231016189,https://www.facebook.com/reel/707121231016189/,https://www.facebook.com/linguoermechanic/reels/,2026-07-27,remaining,1337,,,,
1323172066575323,https://www.facebook.com/reel/1323172066575323/,https://www.facebook.com/profile.php?id=61585812725679&sk=reels_tab,2026-07-27,remaining,1338,,,,
1919285885443455,https://www.facebook.com/reel/1919285885443455/,https://web.facebook.com/TheFabrikRestoration/reels/,2026-08-08,remaining,1339,,,,
264343292678535,https://www.facebook.com/reel/264343292678535/,https://www.facebook.com/linguoermechanic/reels/,2026-07-27,remaining,1340,,,,
1290679322154765,https://www.facebook.com/reel/1290679322154765/,https://web.facebook.com/TheFabrikRestoration/reels/,2026-08-08,remaining,1341,,,,
765037329724968,https://www.facebook.com/reel/765037329724968/,https://www.facebook.com/linguoermechanic/reels/,2026-07-27,remaining,1342,,,,
888932593773847,https://www.facebook.com/reel/888932593773847/,https://web.facebook.com/TheFabrikRestoration/reels/,2026-08-08,remaining,1343,,,,
4343606149186292,https://www.facebook.com/reel/4343606149186292/,https://web.facebook.com/TheFabrikRestoration/reels/,2026-08-08,remaining,1344,,,,
1680343072344985,https://www.facebook.com/reel/1680343072344985/,https://web.facebook.com/TheFabrikRestoration/reels/,2026-08-08,remaining,1345,,,,
1387434182370448,https://www.facebook.com/reel/1387434182370448/,https://www.facebook.com/linguoermechanic/reels/,2026-07-27,remaining,1346,,,,
791292853411175,https://www.facebook.com/reel/791292853411175/,https://www.facebook.com/linguoermechanic/reels/,2026-07-27,remaining,1347,,,,
1452676672618592,https://www.facebook.com/reel/1452676672618592/,https://www.facebook.com/linguoermechanic/reels/,2026-07-27,remaining,1348,,,,
1513134116859521,https://www.facebook.com/reel/1513134116859521/,https://www.facebook.com/linguoermechanic/reels/,2026-07-27,remaining,1349,,,,
2110990269291768,https://www.facebook.com/reel/2110990269291768/,https://web.facebook.com/TheFabrikRestoration/reels/,2026-08-08,remaining,1350,,,,
591299087277098,https://www.facebook.com/reel/591299087277098/,https://www.facebook.com/linguoermechanic/reels/,2026-07-27,remaining,1351,,,,
1556708469092981,https://www.facebook.com/reel/1556708469092981/,https://web.facebook.com/TheFabrikRestoration/reels/,2026-08-08,remaining,1352,,,,
2152518438883202,https://www.facebook.com/reel/2152518438883202/,https://www.facebook.com/profile.php?id=61585812725679&sk=reels_tab,2026-07-27,remaining,1353,,,,
1351897529033391,https://www.facebook.com/reel/1351897529033391/,https://www.facebook.com/linguoermechanic/reels/,2026-07-27,remaining,1354,,,,
1581828919276978,https://www.facebook.com/reel/1581828919276978/,https://web.facebook.com/TheFabrikRestoration/reels/,2026-08-08,remaining,1355,,,,
379343341429038,https://www.facebook.com/reel/379343341429038/,https://www.facebook.com/linguoermechanic/reels/,2026-07-27,remaining,1356,,,,
1059094019112948,https://www.facebook.com/reel/1059094019112948/,https://www.facebook.com/linguoermechanic/reels/,2026-07-27,remaining,1357,,,,
4246866015601281,https://www.facebook.com/reel/4246866015601281/,https://www.facebook.com/profile.php?id=61585812725679&sk=reels_tab,2026-07-27,remaining,1358,,,,
1604867210684733,https://www.facebook.com/reel/1604867210684733/,https://www.facebook.com/linguoermechanic/reels/,2026-07-27,remaining,1359,,,,
1399589137951180,https://www.facebook.com/reel/1399589137951180/,https://www.facebook.com/linguoermechanic/reels/,2026-07-27,remaining,1360,,,,
364052766455296,https://www.facebook.com/reel/364052766455296/,https://web.facebook.com/TheFabrikRestoration/reels/,2026-08-08,remaining,1361,,,,
2047798552799744,https://www.facebook.com/reel/2047798552799744/,https://www.facebook.com/profile.php?id=61585812725679&sk=reels_tab,2026-07-27,remaining,1362,,,,
1133899918462740,https://www.facebook.com/reel/1133899918462740/,https://web.facebook.com/TheFabrikRestoration/reels/,2026-08-08,remaining,1363,,,,
1408283079747459,https://www.facebook.com/reel/1408283079747459/,https://www.facebook.com/linguoermechanic/reels/,2026-07-27,remaining,1364,,,,
796449752203777,https://www.facebook.com/reel/796449752203777/,https://www.facebook.com/linguoermechanic/reels/,2026-07-27,remaining,1365,,,,
948388771115436,https://www.facebook.com/reel/948388771115436/,https://www.facebook.com/linguoermechanic/reels/,2026-07-27,remaining,1366,,,,
1608299917126162,https://www.facebook.com/reel/1608299917126162/,https://www.facebook.com/linguoermechanic/reels/,2026-07-27,remaining,1367,,,,
951699340885772,https://www.facebook.com/reel/951699340885772/,https://www.facebook.com/profile.php?id=61585812725679&sk=reels_tab,2026-07-27,remaining,1368,,,,
1663397740876045,https://www.facebook.com/reel/1663397740876045/,https://web.facebook.com/TheFabrikRestoration/reels/,2026-08-08,remaining,1369,,,,
723043763642649,https://www.facebook.com/reel/723043763642649/,https://www.facebook.com/linguoermechanic/reels/,2026-07-27,remaining,1370,,,,
235990565874271,https://www.facebook.com/reel/235990565874271/,https://www.facebook.com/linguoermechanic/reels/,2026-07-27,remaining,1371,,,,
214554227726351,https://www.facebook.com/reel/214554227726351/,https://www.facebook.com/linguoermechanic/reels/,2026-07-27,remaining,1372,,,,
2290392621769222,https://www.facebook.com/reel/2290392621769222/,https://www.facebook.com/profile.php?id=61585812725679&sk=reels_tab,2026-07-27,remaining,1373,,,,
993721132976539,https://www.facebook.com/reel/993721132976539/,https://web.facebook.com/TheFabrikRestoration/reels/,2026-08-08,remaining,1374,,,,
1453385773185239,https://www.facebook.com/reel/1453385773185239/,https://web.facebook.com/TheFabrikRestoration/reels/,2026-08-08,remaining,1375,,,,
1444447129587449,https://www.facebook.com/reel/1444447129587449/,https://www.facebook.com/linguoermechanic/reels/,2026-07-27,remaining,1376,,,,
569655485413313,https://www.facebook.com/reel/569655485413313/,https://www.facebook.com/linguoermechanic/reels/,2026-07-27,remaining,1377,,,,
988209104128082,https://www.facebook.com/reel/988209104128082/,https://www.facebook.com/profile.php?id=61585812725679&sk=reels_tab,2026-07-27,remaining,1378,,,,
216870920987277,https://www.facebook.com/reel/216870920987277/,https://www.facebook.com/linguoermechanic/reels/,2026-07-27,remaining,1379,,,,
941940341226190,https://www.facebook.com/reel/941940341226190/,https://www.facebook.com/linguoermechanic/reels/,2026-07-27,remaining,1380,,,,
1440258713998362,https://www.facebook.com/reel/1440258713998362/,https://web.facebook.com/TheFabrikRestoration/reels/,2026-08-08,remaining,1381,,,,
1019611042635820,https://www.facebook.com/reel/1019611042635820/,https://www.facebook.com/linguoermechanic/reels/,2026-07-27,remaining,1382,,,,
1136735707848453,https://www.facebook.com/reel/1136735707848453/,https://www.facebook.com/linguoermechanic/reels/,2026-07-27,remaining,1383,,,,
1540757354095494,https://www.facebook.com/reel/1540757354095494/,https://www.facebook.com/profile.php?id=61585812725679&sk=reels_tab,2026-07-27,remaining,1384,,,,
1275511986842321,https://www.facebook.com/reel/1275511986842321/,https://www.facebook.com/linguoermechanic/reels/,2026-07-27,remaining,1385,,,,
964989926509132,https://www.facebook.com/reel/964989926509132/,https://www.facebook.com/profile.php?id=61585812725679&sk=reels_tab,2026-07-27,remaining,1386,,,,
1304352027606733,https://www.facebook.com/reel/1304352027606733/,https://www.facebook.com/linguoermechanic/reels/,2026-07-27,remaining,1387,,,,
1589264722532703,https://www.facebook.com/reel/1589264722532703/,https://www.facebook.com/profile.php?id=61585812725679&sk=reels_tab,2026-07-27,remaining,1388,,,,
1080605007435523,https://www.facebook.com/reel/1080605007435523/,https://www.facebook.com/linguoermechanic/reels/,2026-07-27,remaining,1389,,,,
1324938689206575,https://www.facebook.com/reel/1324938689206575/,https://www.facebook.com/linguoermechanic/reels/,2026-07-27,remaining,1390,,,,
1003682895087974,https://www.facebook.com/reel/1003682895087974/,https://www.facebook.com/linguoermechanic/reels/,2026-07-27,remaining,1391,,,,
1940924813196924,https://www.facebook.com/reel/1940924813196924/,https://www.facebook.com/profile.php?id=61585812725679&sk=reels_tab,2026-07-27,remaining,1392,,,,
820496270316894,https://www.facebook.com/reel/820496270316894/,https://www.facebook.com/linguoermechanic/reels/,2026-07-27,remaining,1393,,,,
1357735351726319,https://www.facebook.com/reel/1357735351726319/,https://web.facebook.com/TheFabrikRestoration/reels/,2026-08-08,remaining,1394,,,,
1438558321154613,https://www.facebook.com/reel/1438558321154613/,https://www.facebook.com/profile.php?id=61585812725679&sk=reels_tab,2026-07-27,remaining,1395,,,,
1522281685514437,https://www.facebook.com/reel/1522281685514437/,https://www.facebook.com/profile.php?id=61585812725679&sk=reels_tab,2026-07-27,remaining,1396,,,,
649274524858965,https://www.facebook.com/reel/649274524858965/,https://www.facebook.com/linguoermechanic/reels/,2026-07-27,remaining,1397,,,,
1351819753782492,https://www.facebook.com/reel/1351819753782492/,https://www.facebook.com/linguoermechanic/reels/,2026-07-27,remaining,1398,,,,
724276567383239,https://www.facebook.com/reel/724276567383239/,https://www.facebook.com/linguoermechanic/reels/,2026-07-27,remaining,1399,,,,
1692581795248496,https://www.facebook.com/reel/1692581795248496/,https://www.facebook.com/linguoermechanic/reels/,2026-07-27,remaining,1400,,,,
1279463823746843,https://www.facebook.com/reel/1279463823746843/,https://www.facebook.com/linguoermechanic/reels/,2026-07-27,remaining,1401,,,,
7834427266653861,https://www.facebook.com/reel/7834427266653861/,https://www.facebook.com/linguoermechanic/reels/,2026-07-27,remaining,1402,,,,
4006390816274569,https://www.facebook.com/reel/4006390816274569/,https://www.facebook.com/linguoermechanic/reels/,2026-07-27,remaining,1403,,,,
354585876799312,https://www.facebook.com/reel/354585876799312/,https://www.facebook.com/linguoermechanic/reels/,2026-07-27,remaining,1404,,,,
1446896409842096,https://www.facebook.com/reel/1446896409842096/,https://www.facebook.com/linguoermechanic/reels/,2026-07-27,remaining,1405,,,,
3624490527857566,https://www.facebook.com/reel/3624490527857566/,https://www.facebook.com/linguoermechanic/reels/,2026-07-27,remaining,1406,,,,
2068337730569530,https://www.facebook.com/reel/2068337730569530/,https://www.facebook.com/linguoermechanic/reels/,2026-07-27,remaining,1407,,,,
1583641295694155,https://www.facebook.com/reel/1583641295694155/,https://www.facebook.com/linguoermechanic/reels/,2026-07-27,remaining,1408,,,,
1476938290539224,https://www.facebook.com/reel/1476938290539224/,https://www.facebook.com/linguoermechanic/reels/,2026-07-27,remaining,1409,,,,
972438308938885,https://www.facebook.com/reel/972438308938885/,https://web.facebook.com/TheFabrikRestoration/reels/,2026-08-08,remaining,1410,,,,
2041716326706824,https://www.facebook.com/reel/2041716326706824/,https://www.facebook.com/profile.php?id=61585812725679&sk=reels_tab,2026-07-27,remaining,1411,,,,
1430867171565339,https://www.facebook.com/reel/1430867171565339/,https://www.facebook.com/linguoermechanic/reels/,2026-07-27,remaining,1412,,,,
961377288696698,https://www.facebook.com/reel/961377288696698/,https://www.facebook.com/linguoermechanic/reels/,2026-07-27,remaining,1413,,,,
2507388679628004,https://www.facebook.com/reel/2507388679628004/,https://www.facebook.com/linguoermechanic/reels/,2026-07-27,remaining,1414,,,,
1727612611168040,https://www.facebook.com/reel/1727612611168040/,https://www.facebook.com/linguoermechanic/reels/,2026-07-27,remaining,1415,,,,
993023036876286,https://www.facebook.com/reel/993023036876286/,https://www.facebook.com/profile.php?id=61585812725679&sk=reels_tab,2026-07-27,remaining,1416,,,,
1826893427863116,https://www.facebook.com/reel/1826893427863116/,https://www.facebook.com/linguoermechanic/reels/,2026-07-27,remaining,1417,,,,
1514737806859227,https://www.facebook.com/reel/1514737806859227/,https://www.facebook.com/profile.php?id=61585812725679&sk=reels_tab,2026-07-27,remaining,1418,,,,
1343949096837520,https://www.facebook.com/reel/1343949096837520/,https://www.facebook.com/linguoermechanic/reels/,2026-07-27,remaining,1419,,,,
994776596592739,https://www.facebook.com/reel/994776596592739/,https://www.facebook.com/linguoermechanic/reels/,2026-07-27,remaining,1420,,,,
878490058016127,https://www.facebook.com/reel/878490058016127/,https://www.facebook.com/profile.php?id=61585812725679&sk=reels_tab,2026-07-27,remaining,1421,,,,
532494924730820,https://www.facebook.com/reel/532494924730820/,https://web.facebook.com/TheFabrikRestoration/reels/,2026-08-08,remaining,1422,,,,
1204706068157837,https://www.facebook.com/reel/1204706068157837/,https://www.facebook.com/linguoermechanic/reels/,2026-07-27,remaining,1423,,,,
710059304161077,https://www.facebook.com/reel/710059304161077/,https://www.facebook.com/linguoermechanic/reels/,2026-07-27,remaining,1424,,,,
2071275413418918,https://www.facebook.com/reel/2071275413418918/,https://www.facebook.com/linguoermechanic/reels/,2026-07-27,remaining,1425,,,,
1097129042338008,https://www.facebook.com/reel/1097129042338008/,https://www.facebook.com/linguoermechanic/reels/,2026-07-27,remaining,1426,,,,
1146338663180582,https://www.facebook.com/reel/1146338663180582/,https://www.facebook.com/linguoermechanic/reels/,2026-07-27,remaining,1427,,,,
1603693676734578,https://www.facebook.com/reel/1603693676734578/,https://www.facebook.com/linguoermechanic/reels/,2026-07-27,remaining,1428,,,,
835137648483380,https://www.facebook.com/reel/835137648483380/,https://web.facebook.com/TheFabrikRestoration/reels/,2026-08-08,remaining,1429,,,,
1014742807568400,https://www.facebook.com/reel/1014742807568400/,https://www.facebook.com/profile.php?id=61585812725679&sk=reels_tab,2026-07-27,remaining,1430,,,,
4368239266825205,https://www.facebook.com/reel/4368239266825205/,https://www.facebook.com/profile.php?id=61585812725679&sk=reels_tab,2026-07-27,remaining,1431,,,,
1379803703958858,https://www.facebook.com/reel/1379803703958858/,https://www.facebook.com/profile.php?id=61585812725679&sk=reels_tab,2026-07-27,remaining,1432,,,,
481252544285718,https://www.facebook.com/reel/481252544285718/,https://www.facebook.com/linguoermechanic/reels/,2026-07-27,remaining,1433,,,,
463742659427364,https://www.facebook.com/reel/463742659427364/,https://www.facebook.com/linguoermechanic/reels/,2026-07-27,remaining,1434,,,,
2460390304481793,https://www.facebook.com/reel/2460390304481793/,https://www.facebook.com/profile.php?id=61585812725679&sk=reels_tab,2026-07-27,remaining,1435,,,,
1139374724063674,https://www.facebook.com/reel/1139374724063674/,https://web.facebook.com/TheFabrikRestoration/reels/,2026-08-08,remaining,1436,,,,
4834093140149101,https://www.facebook.com/reel/4834093140149101/,https://www.facebook.com/linguoermechanic/reels/,2026-07-27,remaining,1437,,,,
1041552287474656,https://www.facebook.com/reel/1041552287474656/,https://www.facebook.com/linguoermechanic/reels/,2026-07-27,remaining,1438,,,,
894259793640142,https://www.facebook.com/reel/894259793640142/,https://www.facebook.com/profile.php?id=61585812725679&sk=reels_tab,2026-07-27,remaining,1439,,,,
1245498983439840,https://www.facebook.com/reel/1245498983439840/,https://www.facebook.com/linguoermechanic/reels/,2026-07-27,remaining,1440,,,,
1349350357195533,https://www.facebook.com/reel/1349350357195533/,https://web.facebook.com/TheFabrikRestoration/reels/,2026-08-08,remaining,1441,,,,
1539405903410803,https://www.facebook.com/reel/1539405903410803/,https://web.facebook.com/TheFabrikRestoration/reels/,2026-08-08,remaining,1442,,,,
1393340451997019,https://www.facebook.com/reel/1393340451997019/,https://www.facebook.com/linguoermechanic/reels/,2026-07-27,remaining,1443,,,,
1487643602200747,https://www.facebook.com/reel/1487643602200747/,https://www.facebook.com/linguoermechanic/reels/,2026-07-27,remaining,1444,,,,
764532999990463,https://www.facebook.com/reel/764532999990463/,https://www.facebook.com/linguoermechanic/reels/,2026-07-27,remaining,1445,,,,
874422952123211,https://www.facebook.com/reel/874422952123211/,https://web.facebook.com/TheFabrikRestoration/reels/,2026-08-08,remaining,1446,,,,
914463411024314,https://www.facebook.com/reel/914463411024314/,https://www.facebook.com/profile.php?id=61585812725679&sk=reels_tab,2026-07-27,remaining,1447,,,,
211200618415516,https://www.facebook.com/reel/211200618415516/,https://www.facebook.com/linguoermechanic/reels/,2026-07-27,remaining,1448,,,,
1282419613785399,https://www.facebook.com/reel/1282419613785399/,https://www.facebook.com/profile.php?id=61585812725679&sk=reels_tab,2026-07-27,remaining,1449,,,,
1113782035928683,https://www.facebook.com/reel/1113782035928683/,https://www.facebook.com/linguoermechanic/reels/,2026-07-27,remaining,1450,,,,
3258590037803347,https://www.facebook.com/reel/3258590037803347/,https://web.facebook.com/TheFabrikRestoration/reels/,2026-08-08,remaining,1451,,,,
937618177406094,https://www.facebook.com/reel/937618177406094/,https://www.facebook.com/linguoermechanic/reels/,2026-07-27,remaining,1452,,,,
916001644786112,https://www.facebook.com/reel/916001644786112/,https://www.facebook.com/profile.php?id=61585812725679&sk=reels_tab,2026-07-27,remaining,1453,,,,
5870723496373409,https://www.facebook.com/reel/5870723496373409/,https://www.facebook.com/linguoermechanic/reels/,2026-07-27,remaining,1454,,,,
1517610942879452,https://www.facebook.com/reel/1517610942879452/,https://www.facebook.com/linguoermechanic/reels/,2026-07-27,remaining,1455,,,,
665350999680043,https://www.facebook.com/reel/665350999680043/,https://www.facebook.com/linguoermechanic/reels/,2026-07-27,remaining,1456,,,,
611279753987672,https://www.facebook.com/reel/611279753987672/,https://www.facebook.com/linguoermechanic/reels/,2026-07-27,remaining,1457,,,,
1076142558074984,https://www.facebook.com/reel/1076142558074984/,https://web.facebook.com/TheFabrikRestoration/reels/,2026-08-08,remaining,1458,,,,
25297908169866939,https://www.facebook.com/reel/25297908169866939/,https://www.facebook.com/linguoermechanic/reels/,2026-07-27,remaining,1459,,,,
2149523885892774,https://www.facebook.com/reel/2149523885892774/,https://www.facebook.com/profile.php?id=61585812725679&sk=reels_tab,2026-07-27,remaining,1460,,,,
487555999867021,https://www.facebook.com/reel/487555999867021/,https://www.facebook.com/linguoermechanic/reels/,2026-07-27,remaining,1461,,,,
2461244107646828,https://www.facebook.com/reel/2461244107646828/,https://www.facebook.com/linguoermechanic/reels/,2026-07-27,remaining,1462,,,,
1236259180865956,https://www.facebook.com/reel/1236259180865956/,https://www.facebook.com/linguoermechanic/reels/,2026-07-27,remaining,1463,,,,
526529283322603,https://www.facebook.com/reel/526529283322603/,https://www.facebook.com/linguoermechanic/reels/,2026-07-27,remaining,1464,,,,
1350922949436763,https://www.facebook.com/reel/1350922949436763/,https://web.facebook.com/TheFabrikRestoration/reels/,2026-08-08,remaining,1465,,,,
1536518404419817,https://www.facebook.com/reel/1536518404419817/,https://www.facebook.com/profile.php?id=61585812725679&sk=reels_tab,2026-07-27,remaining,1466,,,,
1342954767432436,https://www.facebook.com/reel/1342954767432436/,https://www.facebook.com/linguoermechanic/reels/,2026-07-27,remaining,1467,,,,
689942912050835,https://www.facebook.com/reel/689942912050835/,https://www.facebook.com/linguoermechanic/reels/,2026-07-27,remaining,1468,,,,
1535432740529275,https://www.facebook.com/reel/1535432740529275/,https://www.facebook.com/linguoermechanic/reels/,2026-07-27,remaining,1469,,,,
1014164888158101,https://www.facebook.com/reel/1014164888158101/,https://www.facebook.com/profile.php?id=61585812725679&sk=reels_tab,2026-07-27,remaining,1470,,,,
1484866453221530,https://www.facebook.com/reel/1484866453221530/,https://web.facebook.com/TheFabrikRestoration/reels/,2026-08-08,remaining,1471,,,,
2219070138905877,https://www.facebook.com/reel/2219070138905877/,https://www.facebook.com/profile.php?id=61585812725679&sk=reels_tab,2026-07-27,remaining,1472,,,,
1092198602400101,https://www.facebook.com/reel/1092198602400101/,https://web.facebook.com/TheFabrikRestoration/reels/,2026-08-08,remaining,1473,,,,
1158289239727408,https://www.facebook.com/reel/1158289239727408/,https://www.facebook.com/linguoermechanic/reels/,2026-07-27,remaining,1474,,,,
1491085718217835,https://www.facebook.com/reel/1491085718217835/,https://web.facebook.com/TheFabrikRestoration/reels/,2026-08-08,remaining,1475,,,,
1213351400663921,https://www.facebook.com/reel/1213351400663921/,https://www.facebook.com/linguoermechanic/reels/,2026-07-27,remaining,1476,,,,
773869727442844,https://www.facebook.com/reel/773869727442844/,https://www.facebook.com/linguoermechanic/reels/,2026-07-27,remaining,1477,,,,
848385029796249,https://www.facebook.com/reel/848385029796249/,https://www.facebook.com/linguoermechanic/reels/,2026-07-27,remaining,1478,,,,
1567443085100655,https://www.facebook.com/reel/1567443085100655/,https://www.facebook.com/profile.php?id=61585812725679&sk=reels_tab,2026-07-27,remaining,1479,,,,
1661970828150867,https://www.facebook.com/reel/1661970828150867/,https://www.facebook.com/profile.php?id=61585812725679&sk=reels_tab,2026-07-27,remaining,1480,,,,
766974769643467,https://www.facebook.com/reel/766974769643467/,https://www.facebook.com/linguoermechanic/reels/,2026-07-27,remaining,1481,,,,
553923710133676,https://www.facebook.com/reel/553923710133676/,https://www.facebook.com/linguoermechanic/reels/,2026-07-27,remaining,1482,,,,
3394098880765960,https://www.facebook.com/reel/3394098880765960/,https://www.facebook.com/profile.php?id=61585812725679&sk=reels_tab,2026-07-27,remaining,1483,,,,
1296115711947374,https://www.facebook.com/reel/1296115711947374/,https://www.facebook.com/profile.php?id=61585812725679&sk=reels_tab,2026-07-27,remaining,1484,,,,
999728486225201,https://www.facebook.com/reel/999728486225201/,https://www.facebook.com/profile.php?id=61585812725679&sk=reels_tab,2026-07-27,remaining,1485,,,,
35518227254442854,https://www.facebook.com/reel/35518227254442854/,https://web.facebook.com/TheFabrikRestoration/reels/,2026-08-08,remaining,1486,,,,
2043293642672052,https://www.facebook.com/reel/2043293642672052/,https://www.facebook.com/linguoermechanic/reels/,2026-07-27,remaining,1487,,,,
1139742331354341,https://www.facebook.com/reel/1139742331354341/,https://www.facebook.com/linguoermechanic/reels/,2026-07-27,remaining,1488,,,,
1395011958272240,https://www.facebook.com/reel/1395011958272240/,https://www.facebook.com/linguoermechanic/reels/,2026-07-27,remaining,1489,,,,
2845664375786085,https://www.facebook.com/reel/2845664375786085/,https://www.facebook.com/profile.php?id=61585812725679&sk=reels_tab,2026-07-27,remaining,1490,,,,
1439278581258157,https://www.facebook.com/reel/1439278581258157/,https://www.facebook.com/profile.php?id=61585812725679&sk=reels_tab,2026-07-27,remaining,1491,,,,
185295281257306,https://www.facebook.com/reel/185295281257306/,https://www.facebook.com/linguoermechanic/reels/,2026-07-27,remaining,1492,,,,
1230811172409130,https://www.facebook.com/reel/1230811172409130/,https://www.facebook.com/linguoermechanic/reels/,2026-07-27,remaining,1493,,,,
2025980341382440,https://www.facebook.com/reel/2025980341382440/,https://www.facebook.com/profile.php?id=61585812725679&sk=reels_tab,2026-07-27,remaining,1494,,,,
3665774500353721,https://www.facebook.com/reel/3665774500353721/,https://web.facebook.com/TheFabrikRestoration/reels/,2026-08-08,remaining,1495,,,,
1908902076328713,https://www.facebook.com/reel/1908902076328713/,https://www.facebook.com/linguoermechanic/reels/,2026-07-27,remaining,1496,,,,
630135473049654,https://www.facebook.com/reel/630135473049654/,https://www.facebook.com/linguoermechanic/reels/,2026-07-27,remaining,1497,,,,
2793604477696388,https://www.facebook.com/reel/2793604477696388/,https://www.facebook.com/linguoermechanic/reels/,2026-07-27,remaining,1498,,,,
1183727543900040,https://www.facebook.com/reel/1183727543900040/,https://www.facebook.com/linguoermechanic/reels/,2026-07-27,remaining,1499,,,,
126337190366384,https://www.facebook.com/reel/126337190366384/,https://www.facebook.com/linguoermechanic/reels/,2026-07-27,remaining,1500,,,,
1366706212187442,https://www.facebook.com/reel/1366706212187442/,https://www.facebook.com/profile.php?id=61585812725679&sk=reels_tab,2026-07-27,remaining,1501,,,,
3381956105316113,https://www.facebook.com/reel/3381956105316113/,https://web.facebook.com/TheFabrikRestoration/reels/,2026-08-08,remaining,1502,,,,
2009937716497689,https://www.facebook.com/reel/2009937716497689/,https://www.facebook.com/linguoermechanic/reels/,2026-07-27,remaining,1503,,,,
807799688946352,https://www.facebook.com/reel/807799688946352/,https://www.facebook.com/profile.php?id=61585812725679&sk=reels_tab,2026-07-27,remaining,1504,,,,
471095852174971,https://www.facebook.com/reel/471095852174971/,https://www.facebook.com/linguoermechanic/reels/,2026-07-27,remaining,1505,,,,
1169480391740846,https://www.facebook.com/reel/1169480391740846/,https://www.facebook.com/linguoermechanic/reels/,2026-07-27,remaining,1506,,,,
927814440331168,https://www.facebook.com/reel/927814440331168/,https://www.facebook.com/profile.php?id=61585812725679&sk=reels_tab,2026-07-27,remaining,1507,,,,
1313269709748574,https://www.facebook.com/reel/1313269709748574/,https://www.facebook.com/linguoermechanic/reels/,2026-07-27,remaining,1508,,,,
1352487696587393,https://www.facebook.com/reel/1352487696587393/,https://web.facebook.com/TheFabrikRestoration/reels/,2026-08-08,remaining,1509,,,,
1103664851312029,https://www.facebook.com/reel/1103664851312029/,https://www.facebook.com/linguoermechanic/reels/,2026-07-27,remaining,1510,,,,
717173176531173,https://www.facebook.com/reel/717173176531173/,https://www.facebook.com/linguoermechanic/reels/,2026-07-27,remaining,1511,,,,
2107701253087831,https://www.facebook.com/reel/2107701253087831/,https://www.facebook.com/linguoermechanic/reels/,2026-07-27,remaining,1512,,,,
1453993665745859,https://www.facebook.com/reel/1453993665745859/,https://www.facebook.com/linguoermechanic/reels/,2026-07-27,remaining,1513,,,,
1484038090189059,https://www.facebook.com/reel/1484038090189059/,https://www.facebook.com/profile.php?id=61585812725679&sk=reels_tab,2026-07-27,remaining,1514,,,,
2329028057626839,https://www.facebook.com/reel/2329028057626839/,https://www.facebook.com/profile.php?id=61585812725679&sk=reels_tab,2026-07-27,remaining,1515,,,,
3359845264177604,https://www.facebook.com/reel/3359845264177604/,https://www.facebook.com/profile.php?id=61585812725679&sk=reels_tab,2026-07-27,remaining,1516,,,,
645436754202638,https://www.facebook.com/reel/645436754202638/,https://www.facebook.com/linguoermechanic/reels/,2026-07-27,remaining,1517,,,,
647958317706345,https://www.facebook.com/reel/647958317706345/,https://www.facebook.com/linguoermechanic/reels/,2026-07-27,remaining,1518,,,,
1987551751826462,https://www.facebook.com/reel/1987551751826462/,https://www.facebook.com/linguoermechanic/reels/,2026-07-27,remaining,1519,,,,
1058763778383617,https://www.facebook.com/reel/1058763778383617/,https://www.facebook.com/linguoermechanic/reels/,2026-07-27,remaining,1520,,,,
881545099564731,https://www.facebook.com/reel/881545099564731/,https://www.facebook.com/linguoermechanic/reels/,2026-07-27,remaining,1521,,,,
1271304597987295,https://www.facebook.com/reel/1271304597987295/,https://www.facebook.com/linguoermechanic/reels/,2026-07-27,remaining,1522,,,,
3693992927559544,https://www.facebook.com/reel/3693992927559544/,https://www.facebook.com/linguoermechanic/reels/,2026-07-27,remaining,1523,,,,
1106815627951208,https://www.facebook.com/reel/1106815627951208/,https://www.facebook.com/linguoermechanic/reels/,2026-07-27,remaining,1524,,,,
1616372578960336,https://www.facebook.com/reel/1616372578960336/,https://www.facebook.com/linguoermechanic/reels/,2026-07-27,remaining,1525,,,,
2454009098433161,https://www.facebook.com/reel/2454009098433161/,https://www.facebook.com/profile.php?id=61585812725679&sk=reels_tab,2026-07-27,remaining,1526,,,,
517268876571747,https://www.facebook.com/reel/517268876571747/,https://web.facebook.com/TheFabrikRestoration/reels/,2026-08-08,remaining,1527,,,,
861911501642307,https://www.facebook.com/reel/861911501642307/,https://www.facebook.com/linguoermechanic/reels/,2026-07-27,remaining,1528,,,,
443610651567779,https://www.facebook.com/reel/443610651567779/,https://www.facebook.com/linguoermechanic/reels/,2026-07-27,remaining,1529,,,,
3966651593596831,https://www.facebook.com/reel/3966651593596831/,https://www.facebook.com/linguoermechanic/reels/,2026-07-27,remaining,1530,,,,
1132396962206122,https://www.facebook.com/reel/1132396962206122/,https://web.facebook.com/TheFabrikRestoration/reels/,2026-08-08,remaining,1531,,,,
3242702285912347,https://www.facebook.com/reel/3242702285912347/,https://www.facebook.com/profile.php?id=61585812725679&sk=reels_tab,2026-07-27,remaining,1532,,,,
793117512532771,https://www.facebook.com/reel/793117512532771/,https://www.facebook.com/linguoermechanic/reels/,2026-07-27,remaining,1533,,,,
979717907347188,https://www.facebook.com/reel/979717907347188/,https://web.facebook.com/TheFabrikRestoration/reels/,2026-08-08,remaining,1534,,,,
2853663534844072,https://www.facebook.com/reel/2853663534844072/,https://www.facebook.com/linguoermechanic/reels/,2026-07-27,remaining,1535,,,,
774939102369017,https://www.facebook.com/reel/774939102369017/,https://www.facebook.com/profile.php?id=61585812725679&sk=reels_tab,2026-07-27,remaining,1536,,,,
754631123582292,https://www.facebook.com/reel/754631123582292/,https://web.facebook.com/TheFabrikRestoration/reels/,2026-08-08,remaining,1537,,,,
1291355942808688,https://www.facebook.com/reel/1291355942808688/,https://www.facebook.com/linguoermechanic/reels/,2026-07-27,remaining,1538,,,,
1624346218466706,https://www.facebook.com/reel/1624346218466706/,https://www.facebook.com/linguoermechanic/reels/,2026-07-27,remaining,1539,,,,
854658162258280,https://www.facebook.com/reel/854658162258280/,https://www.facebook.com/linguoermechanic/reels/,2026-07-27,remaining,1540,,,,
1369534334597194,https://www.facebook.com/reel/1369534334597194/,https://www.facebook.com/profile.php?id=61585812725679&sk=reels_tab,2026-07-27,remaining,1541,,,,
1815605472686512,https://www.facebook.com/reel/1815605472686512/,https://www.facebook.com/linguoermechanic/reels/,2026-07-27,remaining,1542,,,,
239028572085988,https://www.facebook.com/reel/239028572085988/,https://www.facebook.com/linguoermechanic/reels/,2026-07-27,remaining,1543,,,,
715154501639425,https://www.facebook.com/reel/715154501639425/,https://web.facebook.com/TheFabrikRestoration/reels/,2026-08-08,remaining,1544,,,,
894988050307262,https://www.facebook.com/reel/894988050307262/,https://web.facebook.com/TheFabrikRestoration/reels/,2026-08-08,remaining,1545,,,,
2020740075451201,https://www.facebook.com/reel/2020740075451201/,https://web.facebook.com/TheFabrikRestoration/reels/,2026-08-08,remaining,1546,,,,
1417899229852019,https://www.facebook.com/reel/1417899229852019/,https://www.facebook.com/linguoermechanic/reels/,2026-07-27,remaining,1547,,,,
4463575237205160,https://www.facebook.com/reel/4463575237205160/,https://www.facebook.com/profile.php?id=61585812725679&sk=reels_tab,2026-07-27,remaining,1548,,,,
25418126687791284,https://www.facebook.com/reel/25418126687791284/,https://web.facebook.com/TheFabrikRestoration/reels/,2026-08-08,remaining,1549,,,,
684190920205900,https://www.facebook.com/reel/684190920205900/,https://web.facebook.com/TheFabrikRestoration/reels/,2026-08-08,remaining,1550,,,,
1170021158652452,https://www.facebook.com/reel/1170021158652452/,https://www.facebook.com/linguoermechanic/reels/,2026-07-27,remaining,1551,,,,
2151884502293456,https://www.facebook.com/reel/2151884502293456/,https://www.facebook.com/linguoermechanic/reels/,2026-07-27,remaining,1552,,,,
892082597294006,https://www.facebook.com/reel/892082597294006/,https://web.facebook.com/TheFabrikRestoration/reels/,2026-08-08,remaining,1553,,,,
3973614436263912,https://www.facebook.com/reel/3973614436263912/,https://www.facebook.com/linguoermechanic/reels/,2026-07-27,remaining,1554,,,,
1335476701253019,https://www.facebook.com/reel/1335476701253019/,https://web.facebook.com/TheFabrikRestoration/reels/,2026-08-08,remaining,1555,,,,
1881521688720552,https://www.facebook.com/reel/1881521688720552/,https://www.facebook.com/linguoermechanic/reels/,2026-07-27,remaining,1556,,,,
1281390663493885,https://www.facebook.com/reel/1281390663493885/,https://web.facebook.com/TheFabrikRestoration/reels/,2026-08-08,remaining,1557,,,,
2872896819726961,https://www.facebook.com/reel/2872896819726961/,https://www.facebook.com/profile.php?id=61585812725679&sk=reels_tab,2026-07-27,remaining,1558,,,,
590648046604709,https://www.facebook.com/reel/590648046604709/,https://web.facebook.com/TheFabrikRestoration/reels/,2026-08-08,remaining,1559,,,,
2104200850486627,https://www.facebook.com/reel/2104200850486627/,https://www.facebook.com/profile.php?id=61585812725679&sk=reels_tab,2026-07-27,remaining,1560,,,,
4248310368778703,https://www.facebook.com/reel/4248310368778703/,https://www.facebook.com/linguoermechanic/reels/,2026-07-27,remaining,1561,,,,
969808431246713,https://www.facebook.com/reel/969808431246713/,https://www.facebook.com/linguoermechanic/reels/,2026-07-27,remaining,1562,,,,
5993508287327374,https://www.facebook.com/reel/5993508287327374/,https://www.facebook.com/linguoermechanic/reels/,2026-07-27,remaining,1563,,,,
740294837942048,https://www.facebook.com/reel/740294837942048/,https://www.facebook.com/linguoermechanic/reels/,2026-07-27,remaining,1564,,,,
1404623007504247,https://www.facebook.com/reel/1404623007504247/,https://www.facebook.com/linguoermechanic/reels/,2026-07-27,remaining,1565,,,,
674355317555181,https://www.facebook.com/reel/674355317555181/,https://www.facebook.com/linguoermechanic/reels/,2026-07-27,remaining,1566,,,,
1488713842217748,https://www.facebook.com/reel/1488713842217748/,https://www.facebook.com/linguoermechanic/reels/,2026-07-27,remaining,1567,,,,
655120369587166,https://www.facebook.com/reel/655120369587166/,https://www.facebook.com/linguoermechanic/reels/,2026-07-27,remaining,1568,,,,
1400514877757294,https://www.facebook.com/reel/1400514877757294/,https://www.facebook.com/linguoermechanic/reels/,2026-07-27,remaining,1569,,,,
2117653149019331,https://www.facebook.com/reel/2117653149019331/,https://www.facebook.com/profile.php?id=61585812725679&sk=reels_tab,2026-07-27,remaining,1570,,,,
1067887601903467,https://www.facebook.com/reel/1067887601903467/,https://www.facebook.com/linguoermechanic/reels/,2026-07-27,remaining,1571,,,,
1467930457759457,https://www.facebook.com/reel/1467930457759457/,https://www.facebook.com/profile.php?id=61585812725679&sk=reels_tab,2026-07-27,remaining,1572,,,,
1401874745042050,https://www.facebook.com/reel/1401874745042050/,https://www.facebook.com/profile.php?id=61585812725679&sk=reels_tab,2026-07-27,remaining,1573,,,,
735178739063861,https://www.facebook.com/reel/735178739063861/,https://www.facebook.com/linguoermechanic/reels/,2026-07-27,remaining,1574,,,,
585339046374222,https://www.facebook.com/reel/585339046374222/,https://www.facebook.com/linguoermechanic/reels/,2026-07-27,remaining,1575,,,,
1877322882925752,https://www.facebook.com/reel/1877322882925752/,https://www.facebook.com/profile.php?id=61585812725679&sk=reels_tab,2026-07-27,remaining,1576,,,,
366941016434668,https://www.facebook.com/reel/366941016434668/,https://www.facebook.com/linguoermechanic/reels/,2026-07-27,remaining,1577,,,,
1126017122971265,https://www.facebook.com/reel/1126017122971265/,https://web.facebook.com/TheFabrikRestoration/reels/,2026-08-08,remaining,1578,,,,
1337660451217055,https://www.facebook.com/reel/1337660451217055/,https://www.facebook.com/linguoermechanic/reels/,2026-07-27,remaining,1579,,,,
970896910714726,https://www.facebook.com/reel/970896910714726/,https://web.facebook.com/TheFabrikRestoration/reels/,2026-08-08,remaining,1580,,,,
1667811047677156,https://www.facebook.com/reel/1667811047677156/,https://www.facebook.com/profile.php?id=61585812725679&sk=reels_tab,2026-07-27,remaining,1581,,,,
2188648055224588,https://www.facebook.com/reel/2188648055224588/,https://www.facebook.com/profile.php?id=61585812725679&sk=reels_tab,2026-07-27,remaining,1582,,,,
2008970393015240,https://www.facebook.com/reel/2008970393015240/,https://web.facebook.com/TheFabrikRestoration/reels/,2026-08-08,remaining,1583,,,,
440283744714078,https://www.facebook.com/reel/440283744714078/,https://www.facebook.com/linguoermechanic/reels/,2026-07-27,remaining,1584,,,,
850615517440519,https://www.facebook.com/reel/850615517440519/,https://www.facebook.com/linguoermechanic/reels/,2026-07-27,remaining,1585,,,,
1050341963839862,https://www.facebook.com/reel/1050341963839862/,https://www.facebook.com/linguoermechanic/reels/,2026-07-27,remaining,1586,,,,
1801029113643592,https://www.facebook.com/reel/1801029113643592/,https://www.facebook.com/linguoermechanic/reels/,2026-07-27,remaining,1587,,,,
775483377109995,https://www.facebook.com/reel/775483377109995/,https://www.facebook.com/linguoermechanic/reels/,2026-07-27,remaining,1588,,,,
1220918829413202,https://www.facebook.com/reel/1220918829413202/,https://www.facebook.com/linguoermechanic/reels/,2026-07-27,remaining,1589,,,,
614299441127388,https://www.facebook.com/reel/614299441127388/,https://www.facebook.com/linguoermechanic/reels/,2026-07-27,remaining,1590,,,,
1534699724123044,https://www.facebook.com/reel/1534699724123044/,https://web.facebook.com/TheFabrikRestoration/reels/,2026-08-08,remaining,1591,,,,
724908687323786,https://www.facebook.com/reel/724908687323786/,https://www.facebook.com/linguoermechanic/reels/,2026-07-27,remaining,1592,,,,
658549426274264,https://www.facebook.com/reel/658549426274264/,https://web.facebook.com/TheFabrikRestoration/reels/,2026-08-08,remaining,1593,,,,
838263422650272,https://www.facebook.com/reel/838263422650272/,https://www.facebook.com/profile.php?id=61585812725679&sk=reels_tab,2026-07-27,remaining,1594,,,,
626955615959575,https://www.facebook.com/reel/626955615959575/,https://www.facebook.com/linguoermechanic/reels/,2026-07-27,remaining,1595,,,,
1692673968444970,https://www.facebook.com/reel/1692673968444970/,https://www.facebook.com/profile.php?id=61585812725679&sk=reels_tab,2026-07-27,remaining,1596,,,,
1324236268592158,https://www.facebook.com/reel/1324236268592158/,https://web.facebook.com/TheFabrikRestoration/reels/,2026-08-08,remaining,1597,,,,
1578351580744528,https://www.facebook.com/reel/1578351580744528/,https://www.facebook.com/profile.php?id=61585812725679&sk=reels_tab,2026-07-27,remaining,1598,,,,
1335782170832894,https://www.facebook.com/reel/1335782170832894/,https://www.facebook.com/linguoermechanic/reels/,2026-07-27,remaining,1599,,,,
930701326716618,https://www.facebook.com/reel/930701326716618/,https://www.facebook.com/profile.php?id=61585812725679&sk=reels_tab,2026-07-27,remaining,1600,,,,
832315093256100,https://www.facebook.com/reel/832315093256100/,https://www.facebook.com/profile.php?id=61585812725679&sk=reels_tab,2026-07-27,remaining,1601,,,,
986265062786927,https://www.facebook.com/reel/986265062786927/,https://web.facebook.com/TheFabrikRestoration/reels/,2026-08-08,remaining,1602,,,,
1539373493721472,https://www.facebook.com/reel/1539373493721472/,https://www.facebook.com/linguoermechanic/reels/,2026-07-27,remaining,1603,,,,
698941278990721,https://www.facebook.com/reel/698941278990721/,https://www.facebook.com/linguoermechanic/reels/,2026-07-27,remaining,1604,,,,
1520672855185331,https://www.facebook.com/reel/1520672855185331/,https://www.facebook.com/linguoermechanic/reels/,2026-07-27,remaining,1605,,,,
1873499410266760,https://www.facebook.com/reel/1873499410266760/,https://www.facebook.com/linguoermechanic/reels/,2026-07-27,remaining,1606,,,,
2261519764666380,https://www.facebook.com/reel/2261519764666380/,https://www.facebook.com/profile.php?id=61585812725679&sk=reels_tab,2026-07-27,remaining,1607,,,,
1179214833885233,https://www.facebook.com/reel/1179214833885233/,https://www.facebook.com/linguoermechanic/reels/,2026-07-27,remaining,1608,,,,
914964607060250,https://www.facebook.com/reel/914964607060250/,https://www.facebook.com/linguoermechanic/reels/,2026-07-27,remaining,1609,,,,
1213170222808656,https://www.facebook.com/reel/1213170222808656/,https://www.facebook.com/linguoermechanic/reels/,2026-07-27,remaining,1610,,,,
1103387140388395,https://www.facebook.com/reel/1103387140388395/,https://web.facebook.com/TheFabrikRestoration/reels/,2026-08-08,remaining,1611,,,,
9795407393904952,https://www.facebook.com/reel/9795407393904952/,https://www.facebook.com/linguoermechanic/reels/,2026-07-27,remaining,1612,,,,
507229689130110,https://www.facebook.com/reel/507229689130110/,https://web.facebook.com/TheFabrikRestoration/reels/,2026-08-08,remaining,1613,,,,
1847347762649899,https://www.facebook.com/reel/1847347762649899/,https://www.facebook.com/linguoermechanic/reels/,2026-07-27,remaining,1614,,,,
1198636701880257,https://www.facebook.com/reel/1198636701880257/,https://www.facebook.com/profile.php?id=61585812725679&sk=reels_tab,2026-07-27,remaining,1615,,,,
839780295121880,https://www.facebook.com/reel/839780295121880/,https://www.facebook.com/linguoermechanic/reels/,2026-07-27,remaining,1616,,,,
430190089877651,https://www.facebook.com/reel/430190089877651/,https://www.facebook.com/linguoermechanic/reels/,2026-07-27,remaining,1617,,,,
1428936181772602,https://www.facebook.com/reel/1428936181772602/,https://www.facebook.com/profile.php?id=61585812725679&sk=reels_tab,2026-07-27,remaining,1618,,,,
3674239916121799,https://www.facebook.com/reel/3674239916121799/,https://web.facebook.com/TheFabrikRestoration/reels/,2026-08-08,remaining,1619,,,,
1214973102624273,https://www.facebook.com/reel/1214973102624273/,https://web.facebook.com/TheFabrikRestoration/reels/,2026-08-08,remaining,1620,,,,
768318606291730,https://www.facebook.com/reel/768318606291730/,https://www.facebook.com/linguoermechanic/reels/,2026-07-27,remaining,1621,,,,
2096246307599723,https://www.facebook.com/reel/2096246307599723/,https://www.facebook.com/linguoermechanic/reels/,2026-07-27,remaining,1622,,,,
3322642141230695,https://www.facebook.com/reel/3322642141230695/,https://www.facebook.com/linguoermechanic/reels/,2026-07-27,remaining,1623,,,,
1472605117895960,https://www.facebook.com/reel/1472605117895960/,https://www.facebook.com/linguoermechanic/reels/,2026-07-27,remaining,1624,,,,
2060376638156696,https://www.facebook.com/reel/2060376638156696/,https://www.facebook.com/profile.php?id=61585812725679&sk=reels_tab,2026-07-27,remaining,1625,,,,
1013858539539241,https://www.facebook.com/reel/1013858539539241/,https://web.facebook.com/TheFabrikRestoration/reels/,2026-08-08,remaining,1626,,,,
1283344152201562,https://www.facebook.com/reel/1283344152201562/,https://www.facebook.com/linguoermechanic/reels/,2026-07-27,remaining,1627,,,,
762212368879146,https://www.facebook.com/reel/762212368879146/,https://www.facebook.com/linguoermechanic/reels/,2026-07-27,remaining,1628,,,,
1310274476965274,https://www.facebook.com/reel/1310274476965274/,https://www.facebook.com/linguoermechanic/reels/,2026-07-27,remaining,1629,,,,
798759649339302,https://www.facebook.com/reel/798759649339302/,https://www.facebook.com/linguoermechanic/reels/,2026-07-27,remaining,1630,,,,
27753440844241328,https://www.facebook.com/reel/27753440844241328/,https://www.facebook.com/profile.php?id=61585812725679&sk=reels_tab,2026-07-27,remaining,1631,,,,
389942770439128,https://www.facebook.com/reel/389942770439128/,https://web.facebook.com/TheFabrikRestoration/reels/,2026-08-08,remaining,1632,,,,
392980426006642,https://www.facebook.com/reel/392980426006642/,https://www.facebook.com/linguoermechanic/reels/,2026-07-27,remaining,1633,,,,
798178926478042,https://www.facebook.com/reel/798178926478042/,https://www.facebook.com/linguoermechanic/reels/,2026-07-27,remaining,1634,,,,
917995250405678,https://www.facebook.com/reel/917995250405678/,https://www.facebook.com/linguoermechanic/reels/,2026-07-27,remaining,1635,,,,
630519135471272,https://www.facebook.com/reel/630519135471272/,https://www.facebook.com/linguoermechanic/reels/,2026-07-27,remaining,1636,,,,
3040974516213213,https://www.facebook.com/reel/3040974516213213/,https://www.facebook.com/linguoermechanic/reels/,2026-07-27,remaining,1637,,,,
1741993040447435,https://www.facebook.com/reel/1741993040447435/,https://www.facebook.com/profile.php?id=61585812725679&sk=reels_tab,2026-07-27,remaining,1638,,,,
221458180512030,https://www.facebook.com/reel/221458180512030/,https://www.facebook.com/linguoermechanic/reels/,2026-07-27,remaining,1639,,,,
1190764495861001,https://www.facebook.com/reel/1190764495861001/,https://www.facebook.com/linguoermechanic/reels/,2026-07-27,remaining,1640,,,,
1337666973815674,https://www.facebook.com/reel/1337666973815674/,https://www.facebook.com/linguoermechanic/reels/,2026-07-27,remaining,1641,,,,
679417878028137,https://www.facebook.com/reel/679417878028137/,https://web.facebook.com/TheFabrikRestoration/reels/,2026-08-08,remaining,1642,,,,
948292701233745,https://www.facebook.com/reel/948292701233745/,https://www.facebook.com/profile.php?id=61585812725679&sk=reels_tab,2026-07-27,remaining,1643,,,,
1449261036951192,https://www.facebook.com/reel/1449261036951192/,https://www.facebook.com/linguoermechanic/reels/,2026-07-27,remaining,1644,,,,
959299812527622,https://www.facebook.com/reel/959299812527622/,https://web.facebook.com/TheFabrikRestoration/reels/,2026-08-08,remaining,1645,,,,
2151746028641415,https://www.facebook.com/reel/2151746028641415/,https://www.facebook.com/linguoermechanic/reels/,2026-07-27,remaining,1646,,,,
561300170319549,https://www.facebook.com/reel/561300170319549/,https://www.facebook.com/linguoermechanic/reels/,2026-07-27,remaining,1647,,,,
1698690738074518,https://www.facebook.com/reel/1698690738074518/,https://www.facebook.com/profile.php?id=61585812725679&sk=reels_tab,2026-07-27,remaining,1648,,,,
1653273108567124,https://www.facebook.com/reel/1653273108567124/,https://www.facebook.com/linguoermechanic/reels/,2026-07-27,remaining,1649,,,,
734244968395562,https://www.facebook.com/reel/734244968395562/,https://www.facebook.com/linguoermechanic/reels/,2026-07-27,remaining,1650,,,,
3037677816405648,https://www.facebook.com/reel/3037677816405648/,https://www.facebook.com/linguoermechanic/reels/,2026-07-27,remaining,1651,,,,
665801162705043,https://www.facebook.com/reel/665801162705043/,https://www.facebook.com/linguoermechanic/reels/,2026-07-27,remaining,1652,,,,
801804289214118,https://www.facebook.com/reel/801804289214118/,https://www.facebook.com/linguoermechanic/reels/,2026-07-27,remaining,1653,,,,
955100953566994,https://www.facebook.com/reel/955100953566994/,https://www.facebook.com/linguoermechanic/reels/,2026-07-27,remaining,1654,,,,
657564939634733,https://www.facebook.com/reel/657564939634733/,https://web.facebook.com/TheFabrikRestoration/reels/,2026-08-08,remaining,1655,,,,
842550687659228,https://www.facebook.com/reel/842550687659228/,https://web.facebook.com/TheFabrikRestoration/reels/,2026-08-08,remaining,1656,,,,
1543504897109698,https://www.facebook.com/reel/1543504897109698/,https://www.facebook.com/profile.php?id=61585812725679&sk=reels_tab,2026-07-27,remaining,1657,,,,
26307746912233302,https://www.facebook.com/reel/26307746912233302/,https://www.facebook.com/profile.php?id=61585812725679&sk=reels_tab,2026-07-27,remaining,1658,,,,
459502066262328,https://www.facebook.com/reel/459502066262328/,https://www.facebook.com/linguoermechanic/reels/,2026-07-27,remaining,1659,,,,
2412986405730846,https://www.facebook.com/reel/2412986405730846/,https://www.facebook.com/linguoermechanic/reels/,2026-07-27,remaining,1660,,,,
982910247760997,https://www.facebook.com/reel/982910247760997/,https://www.facebook.com/linguoermechanic/reels/,2026-07-27,remaining,1661,,,,
1157758191999346,https://www.facebook.com/reel/1157758191999346/,https://web.facebook.com/TheFabrikRestoration/reels/,2026-08-08,remaining,1662,,,,
980727132906523,https://www.facebook.com/reel/980727132906523/,https://web.facebook.com/TheFabrikRestoration/reels/,2026-08-08,remaining,1663,,,,
696464973323302,https://www.facebook.com/reel/696464973323302/,https://www.facebook.com/linguoermechanic/reels/,2026-07-27,remaining,1664,,,,
1132247496648818,https://www.facebook.com/reel/1132247496648818/,https://www.facebook.com/profile.php?id=61585812725679&sk=reels_tab,2026-07-27,remaining,1665,,,,
1569195741492462,https://www.facebook.com/reel/1569195741492462/,https://web.facebook.com/TheFabrikRestoration/reels/,2026-08-08,remaining,1666,,,,
679484224002748,https://www.facebook.com/reel/679484224002748/,https://web.facebook.com/TheFabrikRestoration/reels/,2026-08-08,remaining,1667,,,,
723697360201095,https://www.facebook.com/reel/723697360201095/,https://www.facebook.com/linguoermechanic/reels/,2026-07-27,remaining,1668,,,,
1223611962982845,https://www.facebook.com/reel/1223611962982845/,https://web.facebook.com/TheFabrikRestoration/reels/,2026-08-08,remaining,1669,,,,
1391762135295100,https://www.facebook.com/reel/1391762135295100/,https://web.facebook.com/TheFabrikRestoration/reels/,2026-08-08,remaining,1670,,,,
1956800331909362,https://www.facebook.com/reel/1956800331909362/,https://web.facebook.com/TheFabrikRestoration/reels/,2026-08-08,remaining,1671,,,,
1356927823035577,https://www.facebook.com/reel/1356927823035577/,https://www.facebook.com/linguoermechanic/reels/,2026-07-27,remaining,1672,,,,
653702354437432,https://www.facebook.com/reel/653702354437432/,https://www.facebook.com/profile.php?id=61585812725679&sk=reels_tab,2026-07-27,remaining,1673,,,,
264832402644028,https://www.facebook.com/reel/264832402644028/,https://www.facebook.com/linguoermechanic/reels/,2026-07-27,remaining,1674,,,,
1701851996997736,https://www.facebook.com/reel/1701851996997736/,https://web.facebook.com/TheFabrikRestoration/reels/,2026-08-08,remaining,1675,,,,
1012978373963977,https://www.facebook.com/reel/1012978373963977/,https://web.facebook.com/TheFabrikRestoration/reels/,2026-08-08,remaining,1676,,,,
1168834837528896,https://www.facebook.com/reel/1168834837528896/,https://www.facebook.com/linguoermechanic/reels/,2026-07-27,remaining,1677,,,,
1683339335748635,https://www.facebook.com/reel/1683339335748635/,https://www.facebook.com/linguoermechanic/reels/,2026-07-27,remaining,1678,,,,
974153200331536,https://www.facebook.com/reel/974153200331536/,https://www.facebook.com/linguoermechanic/reels/,2026-07-27,remaining,1679,,,,
732537259560781,https://www.facebook.com/reel/732537259560781/,https://www.facebook.com/linguoermechanic/reels/,2026-07-27,remaining,1680,,,,
3205917842878029,https://www.facebook.com/reel/3205917842878029/,https://www.facebook.com/linguoermechanic/reels/,2026-07-27,remaining,1681,,,,
2090356461511784,https://www.facebook.com/reel/2090356461511784/,https://web.facebook.com/TheFabrikRestoration/reels/,2026-08-08,remaining,1682,,,,
1031579279091519,https://www.facebook.com/reel/1031579279091519/,https://www.facebook.com/linguoermechanic/reels/,2026-07-27,remaining,1683,,,,
965605922593415,https://www.facebook.com/reel/965605922593415/,https://web.facebook.com/TheFabrikRestoration/reels/,2026-08-08,remaining,1684,,,,
1225348211935676,https://www.facebook.com/reel/1225348211935676/,https://www.facebook.com/linguoermechanic/reels/,2026-07-27,remaining,1685,,,,
429332640270358,https://www.facebook.com/reel/429332640270358/,https://www.facebook.com/linguoermechanic/reels/,2026-07-27,remaining,1686,,,,
1705558330878519,https://www.facebook.com/reel/1705558330878519/,https://www.facebook.com/profile.php?id=61585812725679&sk=reels_tab,2026-07-27,remaining,1687,,,,
1032712316317510,https://www.facebook.com/reel/1032712316317510/,https://www.facebook.com/profile.php?id=61585812725679&sk=reels_tab,2026-07-27,remaining,1688,,,,
4576559085997008,https://www.facebook.com/reel/4576559085997008/,https://web.facebook.com/TheFabrikRestoration/reels/,2026-08-08,remaining,1689,,,,
519190563392440,https://www.facebook.com/reel/519190563392440/,https://web.facebook.com/TheFabrikRestoration/reels/,2026-08-08,remaining,1690,,,,
26121728037414209,https://www.facebook.com/reel/26121728037414209/,https://www.facebook.com/linguoermechanic/reels/,2026-07-27,remaining,1691,,,,
1978179179314793,https://www.facebook.com/reel/1978179179314793/,https://www.facebook.com/linguoermechanic/reels/,2026-07-27,remaining,1692,,,,
1378423887425867,https://www.facebook.com/reel/1378423887425867/,https://www.facebook.com/profile.php?id=61585812725679&sk=reels_tab,2026-07-27,remaining,1693,,,,
785638207563562,https://www.facebook.com/reel/785638207563562/,https://www.facebook.com/profile.php?id=61585812725679&sk=reels_tab,2026-07-27,remaining,1694,,,,
765524495164155,https://www.facebook.com/reel/765524495164155/,https://www.facebook.com/linguoermechanic/reels/,2026-07-27,remaining,1695,,,,
399741425700184,https://www.facebook.com/reel/399741425700184/,https://www.facebook.com/linguoermechanic/reels/,2026-07-27,remaining,1696,,,,
414725467753495,https://www.facebook.com/reel/414725467753495/,https://www.facebook.com/linguoermechanic/reels/,2026-07-27,remaining,1697,,,,
820707552489090,https://www.facebook.com/reel/820707552489090/,https://www.facebook.com/linguoermechanic/reels/,2026-07-27,remaining,1698,,,,
639542202050868,https://www.facebook.com/reel/639542202050868/,https://web.facebook.com/TheFabrikRestoration/reels/,2026-08-08,remaining,1699,,,,
4384804908455841,https://www.facebook.com/reel/4384804908455841/,https://www.facebook.com/linguoermechanic/reels/,2026-07-27,remaining,1700,,,,
2413890939093117,https://www.facebook.com/reel/2413890939093117/,https://www.facebook.com/profile.php?id=61585812725679&sk=reels_tab,2026-07-27,remaining,1701,,,,
685008354628881,https://www.facebook.com/reel/685008354628881/,https://www.facebook.com/linguoermechanic/reels/,2026-07-27,remaining,1702,,,,
459343467180271,https://www.facebook.com/reel/459343467180271/,https://www.facebook.com/linguoermechanic/reels/,2026-07-27,remaining,1703,,,,
707765225347627,https://www.facebook.com/reel/707765225347627/,https://www.facebook.com/linguoermechanic/reels/,2026-07-27,remaining,1704,,,,
1017819911187546,https://www.facebook.com/reel/1017819911187546/,https://www.facebook.com/profile.php?id=61585812725679&sk=reels_tab,2026-07-27,remaining,1705,,,,
4510159879312840,https://www.facebook.com/reel/4510159879312840/,https://www.facebook.com/profile.php?id=61585812725679&sk=reels_tab,2026-07-27,remaining,1706,,,,
757730500355654,https://www.facebook.com/reel/757730500355654/,https://web.facebook.com/TheFabrikRestoration/reels/,2026-08-08,remaining,1707,,,,
1221847305292599,https://www.facebook.com/reel/1221847305292599/,https://www.facebook.com/linguoermechanic/reels/,2026-07-27,remaining,1708,,,,
1821060295964843,https://www.facebook.com/reel/1821060295964843/,https://www.facebook.com/profile.php?id=61585812725679&sk=reels_tab,2026-07-27,remaining,1709,,,,
3320010434921442,https://www.facebook.com/reel/3320010434921442/,https://www.facebook.com/linguoermechanic/reels/,2026-07-27,remaining,1710,,,,
1340011991509638,https://www.facebook.com/reel/1340011991509638/,https://www.facebook.com/profile.php?id=61585812725679&sk=reels_tab,2026-07-27,remaining,1711,,,,
1481647929818856,https://www.facebook.com/reel/1481647929818856/,https://web.facebook.com/TheFabrikRestoration/reels/,2026-08-08,remaining,1712,,,,
1662327601747216,https://www.facebook.com/reel/1662327601747216/,https://www.facebook.com/linguoermechanic/reels/,2026-07-27,remaining,1713,,,,
1458516619205509,https://www.facebook.com/reel/1458516619205509/,https://web.facebook.com/TheFabrikRestoration/reels/,2026-08-08,remaining,1714,,,,
703888304952248,https://www.facebook.com/reel/703888304952248/,https://www.facebook.com/linguoermechanic/reels/,2026-07-27,remaining,1715,,,,
1022527097114500,https://www.facebook.com/reel/1022527097114500/,https://www.facebook.com/profile.php?id=61585812725679&sk=reels_tab,2026-07-27,remaining,1716,,,,
1408290187406349,https://www.facebook.com/reel/1408290187406349/,https://web.facebook.com/TheFabrikRestoration/reels/,2026-08-08,remaining,1717,,,,
899780202810595,https://www.facebook.com/reel/899780202810595/,https://www.facebook.com/linguoermechanic/reels/,2026-07-27,remaining,1718,,,,
1221441890054421,https://www.facebook.com/reel/1221441890054421/,https://web.facebook.com/TheFabrikRestoration/reels/,2026-08-08,remaining,1719,,,,
1863403744252268,https://www.facebook.com/reel/1863403744252268/,https://www.facebook.com/profile.php?id=61585812725679&sk=reels_tab,2026-07-27,remaining,1720,,,,
4016284918643229,https://www.facebook.com/reel/4016284918643229/,https://www.facebook.com/linguoermechanic/reels/,2026-07-27,remaining,1721,,,,
1080755112521308,https://www.facebook.com/reel/1080755112521308/,https://www.facebook.com/linguoermechanic/reels/,2026-07-27,remaining,1722,,,,
775792094738324,https://www.facebook.com/reel/775792094738324/,https://www.facebook.com/linguoermechanic/reels/,2026-07-27,remaining,1723,,,,
23879962531636676,https://www.facebook.com/reel/23879962531636676/,https://www.facebook.com/linguoermechanic/reels/,2026-07-27,remaining,1724,,,,
1053365466848390,https://www.facebook.com/reel/1053365466848390/,https://www.facebook.com/linguoermechanic/reels/,2026-07-27,remaining,1725,,,,
1133067231125696,https://www.facebook.com/reel/1133067231125696/,https://web.facebook.com/TheFabrikRestoration/reels/,2026-08-08,remaining,1726,,,,
1790550744887740,https://www.facebook.com/reel/1790550744887740/,https://web.facebook.com/TheFabrikRestoration/reels/,2026-08-08,remaining,1727,,,,
26703748342592661,https://www.facebook.com/reel/26703748342592661/,https://www.facebook.com/profile.php?id=61585812725679&sk=reels_tab,2026-07-27,remaining,1728,,,,
1493329318321664,https://www.facebook.com/reel/1493329318321664/,https://www.facebook.com/linguoermechanic/reels/,2026-07-27,remaining,1729,,,,
1305134088370280,https://www.facebook.com/reel/1305134088370280/,https://www.facebook.com/profile.php?id=61585812725679&sk=reels_tab,2026-07-27,remaining,1730,,,,
1797098354330123,https://www.facebook.com/reel/1797098354330123/,https://www.facebook.com/linguoermechanic/reels/,2026-07-27,remaining,1731,,,,
1262566692677257,https://www.facebook.com/reel/1262566692677257/,https://www.facebook.com/profile.php?id=61585812725679&sk=reels_tab,2026-07-27,remaining,1732,,,,
1428005952467713,https://www.facebook.com/reel/1428005952467713/,https://www.facebook.com/profile.php?id=61585812725679&sk=reels_tab,2026-07-27,remaining,1733,,,,
1014061879980809,https://www.facebook.com/reel/1014061879980809/,https://www.facebook.com/linguoermechanic/reels/,2026-07-27,remaining,1734,,,,
2011117553091870,https://www.facebook.com/reel/2011117553091870/,https://www.facebook.com/profile.php?id=61585812725679&sk=reels_tab,2026-07-27,remaining,1735,,,,
658933022999378,https://www.facebook.com/reel/658933022999378/,https://www.facebook.com/linguoermechanic/reels/,2026-07-27,remaining,1736,,,,
1013034034762835,https://www.facebook.com/reel/1013034034762835/,https://www.facebook.com/profile.php?id=61585812725679&sk=reels_tab,2026-07-27,remaining,1737,,,,
1555637038183595,https://www.facebook.com/reel/1555637038183595/,https://www.facebook.com/linguoermechanic/reels/,2026-07-27,remaining,1738,,,,
1722010348398970,https://www.facebook.com/reel/1722010348398970/,https://www.facebook.com/linguoermechanic/reels/,2026-07-27,remaining,1739,,,,
1712906436523515,https://www.facebook.com/reel/1712906436523515/,https://www.facebook.com/profile.php?id=61585812725679&sk=reels_tab,2026-07-27,remaining,1740,,,,
776011597163336,https://www.facebook.com/reel/776011597163336/,https://www.facebook.com/linguoermechanic/reels/,2026-07-27,remaining,1741,,,,
1738185723593436,https://www.facebook.com/reel/1738185723593436/,https://www.facebook.com/linguoermechanic/reels/,2026-07-27,remaining,1742,,,,
4338319626386838,https://www.facebook.com/reel/4338319626386838/,https://web.facebook.com/TheFabrikRestoration/reels/,2026-08-08,remaining,1743,,,,
870347622414678,https://www.facebook.com/reel/870347622414678/,https://www.facebook.com/profile.php?id=61585812725679&sk=reels_tab,2026-07-27,remaining,1744,,,,
9432422786881975,https://www.facebook.com/reel/9432422786881975/,https://www.facebook.com/linguoermechanic/reels/,2026-07-27,remaining,1745,,,,
652517244197357,https://www.facebook.com/reel/652517244197357/,https://www.facebook.com/linguoermechanic/reels/,2026-07-27,remaining,1746,,,,
1506148426927307,https://www.facebook.com/reel/1506148426927307/,https://www.facebook.com/linguoermechanic/reels/,2026-07-27,remaining,1747,,,,
643134763931844,https://www.facebook.com/reel/643134763931844/,https://www.facebook.com/linguoermechanic/reels/,2026-07-27,remaining,1748,,,,
631349822478196,https://www.facebook.com/reel/631349822478196/,https://www.facebook.com/linguoermechanic/reels/,2026-07-27,remaining,1749,,,,
885141232981428,https://www.facebook.com/reel/885141232981428/,https://web.facebook.com/TheFabrikRestoration/reels/,2026-08-08,remaining,1750,,,,
793482256991698,https://www.facebook.com/reel/793482256991698/,https://web.facebook.com/TheFabrikRestoration/reels/,2026-08-08,remaining,1751,,,,
1408785144428553,https://www.facebook.com/reel/1408785144428553/,https://www.facebook.com/profile.php?id=61585812725679&sk=reels_tab,2026-07-27,remaining,1752,,,,
1304404377284359,https://www.facebook.com/reel/1304404377284359/,https://www.facebook.com/linguoermechanic/reels/,2026-07-27,remaining,1753,,,,
778706625299654,https://www.facebook.com/reel/778706625299654/,https://www.facebook.com/profile.php?id=61585812725679&sk=reels_tab,2026-07-27,remaining,1754,,,,
535716049585007,https://www.facebook.com/reel/535716049585007/,https://www.facebook.com/linguoermechanic/reels/,2026-07-27,remaining,1755,,,,
1895011184495225,https://www.facebook.com/reel/1895011184495225/,https://www.facebook.com/profile.php?id=61585812725679&sk=reels_tab,2026-07-27,remaining,1756,,,,
1424276981468859,https://www.facebook.com/reel/1424276981468859/,https://web.facebook.com/TheFabrikRestoration/reels/,2026-08-08,remaining,1757,,,,
1496159581566570,https://www.facebook.com/reel/1496159581566570/,https://www.facebook.com/linguoermechanic/reels/,2026-07-27,remaining,1758,,,,
1302426584987132,https://www.facebook.com/reel/1302426584987132/,https://www.facebook.com/linguoermechanic/reels/,2026-07-27,remaining,1759,,,,
343387688826214,https://www.facebook.com/reel/343387688826214/,https://www.facebook.com/linguoermechanic/reels/,2026-07-27,remaining,1760,,,,
1857373138474069,https://www.facebook.com/reel/1857373138474069/,https://www.facebook.com/linguoermechanic/reels/,2026-07-27,remaining,1761,,,,
1323172852805465,https://www.facebook.com/reel/1323172852805465/,https://www.facebook.com/linguoermechanic/reels/,2026-07-27,remaining,1762,,,,
734066730955830,https://www.facebook.com/reel/734066730955830/,https://www.facebook.com/linguoermechanic/reels/,2026-07-27,remaining,1763,,,,
1031583086104296,https://www.facebook.com/reel/1031583086104296/,https://www.facebook.com/profile.php?id=61585812725679&sk=reels_tab,2026-07-27,remaining,1764,,,,
738205895251137,https://www.facebook.com/reel/738205895251137/,https://www.facebook.com/linguoermechanic/reels/,2026-07-27,remaining,1765,,,,
2108079109972001,https://www.facebook.com/reel/2108079109972001/,https://web.facebook.com/TheFabrikRestoration/reels/,2026-08-08,remaining,1766,,,,
664987912550695,https://www.facebook.com/reel/664987912550695/,https://www.facebook.com/linguoermechanic/reels/,2026-07-27,remaining,1767,,,,
1648034572390016,https://www.facebook.com/reel/1648034572390016/,https://web.facebook.com/TheFabrikRestoration/reels/,2026-08-08,remaining,1768,,,,
1461068828426043,https://www.facebook.com/reel/1461068828426043/,https://web.facebook.com/TheFabrikRestoration/reels/,2026-08-08,remaining,1769,,,,
1165919413952055,https://www.facebook.com/reel/1165919413952055/,https://www.facebook.com/linguoermechanic/reels/,2026-07-27,remaining,1770,,,,
1797918250802438,https://www.facebook.com/reel/1797918250802438/,https://www.facebook.com/linguoermechanic/reels/,2026-07-27,remaining,1771,,,,
818616174047037,https://www.facebook.com/reel/818616174047037/,https://www.facebook.com/linguoermechanic/reels/,2026-07-27,remaining,1772,,,,
9016930918361954,https://www.facebook.com/reel/9016930918361954/,https://web.facebook.com/TheFabrikRestoration/reels/,2026-08-08,remaining,1773,,,,
2862257600791008,https://www.facebook.com/reel/2862257600791008/,https://www.facebook.com/profile.php?id=61585812725679&sk=reels_tab,2026-07-27,remaining,1774,,,,
2265232480557140,https://www.facebook.com/reel/2265232480557140/,https://www.facebook.com/linguoermechanic/reels/,2026-07-27,remaining,1775,,,,
1132994971062993,https://www.facebook.com/reel/1132994971062993/,https://www.facebook.com/linguoermechanic/reels/,2026-07-27,remaining,1776,,,,
860530886776378,https://www.facebook.com/reel/860530886776378/,https://www.facebook.com/profile.php?id=61585812725679&sk=reels_tab,2026-07-27,remaining,1777,,,,
1840693096903837,https://www.facebook.com/reel/1840693096903837/,https://www.facebook.com/profile.php?id=61585812725679&sk=reels_tab,2026-07-27,remaining,1778,,,,
885758587203774,https://www.facebook.com/reel/885758587203774/,https://www.facebook.com/linguoermechanic/reels/,2026-07-27,remaining,1779,,,,
1698128894792860,https://www.facebook.com/reel/1698128894792860/,https://web.facebook.com/TheFabrikRestoration/reels/,2026-08-08,remaining,1780,,,,
377531470502067,https://www.facebook.com/reel/377531470502067/,https://web.facebook.com/TheFabrikRestoration/reels/,2026-08-08,remaining,1781,,,,
1247540400620883,https://www.facebook.com/reel/1247540400620883/,https://www.facebook.com/profile.php?id=61585812725679&sk=reels_tab,2026-07-27,remaining,1782,,,,
1483818076404196,https://www.facebook.com/reel/1483818076404196/,https://www.facebook.com/profile.php?id=61585812725679&sk=reels_tab,2026-07-27,remaining,1783,,,,
1362969689029581,https://www.facebook.com/reel/1362969689029581/,https://www.facebook.com/profile.php?id=61585812725679&sk=reels_tab,2026-07-27,remaining,1784,,,,
1011891128323209,https://www.facebook.com/reel/1011891128323209/,https://web.facebook.com/TheFabrikRestoration/reels/,2026-08-08,remaining,1785,,,,
1273988440943962,https://www.facebook.com/reel/1273988440943962/,https://web.facebook.com/TheFabrikRestoration/reels/,2026-08-08,remaining,1786,,,,
1126516636257095,https://www.facebook.com/reel/1126516636257095/,https://www.facebook.com/linguoermechanic/reels/,2026-07-27,remaining,1787,,,,
1472703767050946,https://www.facebook.com/reel/1472703767050946/,https://www.facebook.com/linguoermechanic/reels/,2026-07-27,remaining,1788,,,,
913806504640739,https://www.facebook.com/reel/913806504640739/,https://www.facebook.com/profile.php?id=61585812725679&sk=reels_tab,2026-07-27,remaining,1789,,,,
1674695353933259,https://www.facebook.com/reel/1674695353933259/,https://www.facebook.com/linguoermechanic/reels/,2026-07-27,remaining,1790,,,,
772026910823752,https://www.facebook.com/reel/772026910823752/,https://www.facebook.com/linguoermechanic/reels/,2026-07-27,remaining,1791,,,,
1035981109379590,https://www.facebook.com/reel/1035981109379590/,https://www.facebook.com/profile.php?id=61585812725679&sk=reels_tab,2026-07-27,remaining,1792,,,,
1028410926661016,https://www.facebook.com/reel/1028410926661016/,https://web.facebook.com/TheFabrikRestoration/reels/,2026-08-08,remaining,1793,,,,
1673635967392951,https://www.facebook.com/reel/1673635967392951/,https://www.facebook.com/linguoermechanic/reels/,2026-07-27,remaining,1794,,,,
948417800769649,https://www.facebook.com/reel/948417800769649/,https://www.facebook.com/linguoermechanic/reels/,2026-07-27,remaining,1795,,,,
1377607893795537,https://www.facebook.com/reel/1377607893795537/,https://www.facebook.com/linguoermechanic/reels/,2026-07-27,remaining,1796,,,,
1522851979376767,https://www.facebook.com/reel/1522851979376767/,https://www.facebook.com/profile.php?id=61585812725679&sk=reels_tab,2026-07-27,remaining,1797,,,,
663722553085683,https://www.facebook.com/reel/663722553085683/,https://www.facebook.com/linguoermechanic/reels/,2026-07-27,remaining,1798,,,,
1317530113530625,https://www.facebook.com/reel/1317530113530625/,https://www.facebook.com/profile.php?id=61585812725679&sk=reels_tab,2026-07-27,remaining,1799,,,,
958968476235889,https://www.facebook.com/reel/958968476235889/,https://www.facebook.com/linguoermechanic/reels/,2026-07-27,remaining,1800,,,,
1266207028986986,https://www.facebook.com/reel/1266207028986986/,https://www.facebook.com/profile.php?id=61585812725679&sk=reels_tab,2026-07-27,remaining,1801,,,,
1650726652543789,https://www.facebook.com/reel/1650726652543789/,https://web.facebook.com/TheFabrikRestoration/reels/,2026-08-08,remaining,1802,,,,
1764398974719375,https://www.facebook.com/reel/1764398974719375/,https://www.facebook.com/profile.php?id=61585812725679&sk=reels_tab,2026-07-27,remaining,1803,,,,
764948601925518,https://www.facebook.com/reel/764948601925518/,https://web.facebook.com/TheFabrikRestoration/reels/,2026-08-08,remaining,1804,,,,
2081290232823714,https://www.facebook.com/reel/2081290232823714/,https://www.facebook.com/profile.php?id=61585812725679&sk=reels_tab,2026-07-27,remaining,1805,,,,
182419627844304,https://www.facebook.com/reel/182419627844304/,https://www.facebook.com/linguoermechanic/reels/,2026-07-27,remaining,1806,,,,
696439365278029,https://www.facebook.com/reel/696439365278029/,https://web.facebook.com/TheFabrikRestoration/reels/,2026-08-08,remaining,1807,,,,
1924059598425534,https://www.facebook.com/reel/1924059598425534/,https://www.facebook.com/linguoermechanic/reels/,2026-07-27,remaining,1808,,,,
731117629945061,https://www.facebook.com/reel/731117629945061/,https://www.facebook.com/linguoermechanic/reels/,2026-07-27,remaining,1809,,,,
1221163139126976,https://www.facebook.com/reel/1221163139126976/,https://www.facebook.com/linguoermechanic/reels/,2026-07-27,remaining,1810,,,,
785959587445029,https://www.facebook.com/reel/785959587445029/,https://www.facebook.com/linguoermechanic/reels/,2026-07-27,remaining,1811,,,,
8385706434803443,https://www.facebook.com/reel/8385706434803443/,https://www.facebook.com/linguoermechanic/reels/,2026-07-27,remaining,1812,,,,
721632632283542,https://www.facebook.com/reel/721632632283542/,https://www.facebook.com/linguoermechanic/reels/,2026-07-27,remaining,1813,,,,
1837302507133166,https://www.facebook.com/reel/1837302507133166/,https://www.facebook.com/linguoermechanic/reels/,2026-07-27,remaining,1814,,,,
4440579506185229,https://www.facebook.com/reel/4440579506185229/,https://web.facebook.com/TheFabrikRestoration/reels/,2026-08-08,remaining,1815,,,,
986947923570227,https://www.facebook.com/reel/986947923570227/,https://www.facebook.com/linguoermechanic/reels/,2026-07-27,remaining,1816,,,,
984599267537586,https://www.facebook.com/reel/984599267537586/,https://www.facebook.com/profile.php?id=61585812725679&sk=reels_tab,2026-07-27,remaining,1817,,,,
684518143741321,https://www.facebook.com/reel/684518143741321/,https://web.facebook.com/TheFabrikRestoration/reels/,2026-08-08,remaining,1818,,,,
732186609296308,https://www.facebook.com/reel/732186609296308/,https://www.facebook.com/linguoermechanic/reels/,2026-07-27,remaining,1819,,,,
1047828397574807,https://www.facebook.com/reel/1047828397574807/,https://www.facebook.com/profile.php?id=61585812725679&sk=reels_tab,2026-07-27,remaining,1820,,,,
274315678822520,https://www.facebook.com/reel/274315678822520/,https://www.facebook.com/linguoermechanic/reels/,2026-07-27,remaining,1821,,,,
365058802727553,https://www.facebook.com/reel/365058802727553/,https://www.facebook.com/linguoermechanic/reels/,2026-07-27,remaining,1822,,,,
1991430918166984,https://www.facebook.com/reel/1991430918166984/,https://www.facebook.com/linguoermechanic/reels/,2026-07-27,remaining,1823,,,,
1011022447477191,https://www.facebook.com/reel/1011022447477191/,https://web.facebook.com/TheFabrikRestoration/reels/,2026-08-08,remaining,1824,,,,
576152791480221,https://www.facebook.com/reel/576152791480221/,https://www.facebook.com/linguoermechanic/reels/,2026-07-27,remaining,1825,,,,
579804725015407,https://www.facebook.com/reel/579804725015407/,https://web.facebook.com/TheFabrikRestoration/reels/,2026-08-08,remaining,1826,,,,
1841789109846970,https://www.facebook.com/reel/1841789109846970/,https://www.facebook.com/profile.php?id=61585812725679&sk=reels_tab,2026-07-27,remaining,1827,,,,
990051330675798,https://www.facebook.com/reel/990051330675798/,https://www.facebook.com/linguoermechanic/reels/,2026-07-27,remaining,1828,,,,
7106392479391096,https://www.facebook.com/reel/7106392479391096/,https://www.facebook.com/linguoermechanic/reels/,2026-07-27,remaining,1829,,,,
922033913214451,https://www.facebook.com/reel/922033913214451/,https://www.facebook.com/linguoermechanic/reels/,2026-07-27,remaining,1830,,,,
1041470708155078,https://www.facebook.com/reel/1041470708155078/,https://www.facebook.com/linguoermechanic/reels/,2026-07-27,remaining,1831,,,,
496999359657682,https://www.facebook.com/reel/496999359657682/,https://www.facebook.com/linguoermechanic/reels/,2026-07-27,remaining,1832,,,,
642655334091439,https://www.facebook.com/reel/642655334091439/,https://www.facebook.com/linguoermechanic/reels/,2026-07-27,remaining,1833,,,,
1528744991137324,https://www.facebook.com/reel/1528744991137324/,https://www.facebook.com/linguoermechanic/reels/,2026-07-27,remaining,1834,,,,
528133333181844,https://www.facebook.com/reel/528133333181844/,https://www.facebook.com/linguoermechanic/reels/,2026-07-27,remaining,1835,,,,
1376472747758314,https://www.facebook.com/reel/1376472747758314/,https://www.facebook.com/profile.php?id=61585812725679&sk=reels_tab,2026-07-27,remaining,1836,,,,
531404065599018,https://www.facebook.com/reel/531404065599018/,https://www.facebook.com/linguoermechanic/reels/,2026-07-27,remaining,1837,,,,
662967949811684,https://www.facebook.com/reel/662967949811684/,https://www.facebook.com/linguoermechanic/reels/,2026-07-27,remaining,1838,,,,
24898864379720545,https://www.facebook.com/reel/24898864379720545/,https://www.facebook.com/linguoermechanic/reels/,2026-07-27,remaining,1839,,,,
24500603279625505,https://www.facebook.com/reel/24500603279625505/,https://www.facebook.com/linguoermechanic/reels/,2026-07-27,remaining,1840,,,,
26714299958201127,https://www.facebook.com/reel/26714299958201127/,https://www.facebook.com/profile.php?id=61585812725679&sk=reels_tab,2026-07-27,remaining,1841,,,,
590294066447517,https://www.facebook.com/reel/590294066447517/,https://www.facebook.com/linguoermechanic/reels/,2026-07-27,remaining,1842,,,,
1629615658197012,https://www.facebook.com/reel/1629615658197012/,https://www.facebook.com/profile.php?id=61585812725679&sk=reels_tab,2026-07-27,remaining,1843,,,,
1034841118034585,https://www.facebook.com/reel/1034841118034585/,https://web.facebook.com/TheFabrikRestoration/reels/,2026-08-08,remaining,1844,,,,
1002923698587267,https://www.facebook.com/reel/1002923698587267/,https://www.facebook.com/linguoermechanic/reels/,2026-07-27,remaining,1845,,,,
1066470204263060,https://www.facebook.com/reel/1066470204263060/,https://web.facebook.com/TheFabrikRestoration/reels/,2026-08-08,remaining,1846,,,,
1392504945328115,https://www.facebook.com/reel/1392504945328115/,https://www.facebook.com/linguoermechanic/reels/,2026-07-27,remaining,1847,,,,
4642363749325472,https://www.facebook.com/reel/4642363749325472/,https://www.facebook.com/profile.php?id=61585812725679&sk=reels_tab,2026-07-27,remaining,1848,,,,
2161849677948298,https://www.facebook.com/reel/2161849677948298/,https://www.facebook.com/linguoermechanic/reels/,2026-07-27,remaining,1849,,,,
802110015422669,https://www.facebook.com/reel/802110015422669/,https://www.facebook.com/linguoermechanic/reels/,2026-07-27,remaining,1850,,,,
1050660520621416,https://www.facebook.com/reel/1050660520621416/,https://www.facebook.com/profile.php?id=61585812725679&sk=reels_tab,2026-07-27,remaining,1851,,,,
1103217491957980,https://www.facebook.com/reel/1103217491957980/,https://www.facebook.com/linguoermechanic/reels/,2026-07-27,remaining,1852,,,,
533868849485644,https://www.facebook.com/reel/533868849485644/,https://web.facebook.com/TheFabrikRestoration/reels/,2026-08-08,remaining,1853,,,,
3861504273985440,https://www.facebook.com/reel/3861504273985440/,https://web.facebook.com/TheFabrikRestoration/reels/,2026-08-08,remaining,1854,,,,
2935988963360551,https://www.facebook.com/reel/2935988963360551/,https://www.facebook.com/linguoermechanic/reels/,2026-07-27,remaining,1855,,,,
743607308246821,https://www.facebook.com/reel/743607308246821/,https://www.facebook.com/linguoermechanic/reels/,2026-07-27,remaining,1856,,,,
1463180075495353,https://www.facebook.com/reel/1463180075495353/,https://www.facebook.com/linguoermechanic/reels/,2026-07-27,remaining,1857,,,,
1583321322665973,https://www.facebook.com/reel/1583321322665973/,https://www.facebook.com/linguoermechanic/reels/,2026-07-27,remaining,1858,,,,
1076887017996252,https://www.facebook.com/reel/1076887017996252/,https://www.facebook.com/profile.php?id=61585812725679&sk=reels_tab,2026-07-27,remaining,1859,,,,
297523892753818,https://www.facebook.com/reel/297523892753818/,https://www.facebook.com/linguoermechanic/reels/,2026-07-27,remaining,1860,,,,
1536462087944185,https://www.facebook.com/reel/1536462087944185/,https://web.facebook.com/TheFabrikRestoration/reels/,2026-08-08,remaining,1861,,,,
1517808162272289,https://www.facebook.com/reel/1517808162272289/,https://web.facebook.com/TheFabrikRestoration/reels/,2026-08-08,remaining,1862,,,,
2219547835487178,https://www.facebook.com/reel/2219547835487178/,https://www.facebook.com/profile.php?id=61585812725679&sk=reels_tab,2026-07-27,remaining,1863,,,,
1430104061818850,https://www.facebook.com/reel/1430104061818850/,https://www.facebook.com/linguoermechanic/reels/,2026-07-27,remaining,1864,,,,
2111318903151159,https://www.facebook.com/reel/2111318903151159/,https://www.facebook.com/linguoermechanic/reels/,2026-07-27,remaining,1865,,,,
1577288049924739,https://www.facebook.com/reel/1577288049924739/,https://web.facebook.com/TheFabrikRestoration/reels/,2026-08-08,remaining,1866,,,,
1021638599917088,https://www.facebook.com/reel/1021638599917088/,https://www.facebook.com/linguoermechanic/reels/,2026-07-27,remaining,1867,,,,
1475403424307730,https://www.facebook.com/reel/1475403424307730/,https://www.facebook.com/profile.php?id=61585812725679&sk=reels_tab,2026-07-27,remaining,1868,,,,
1721944442493015,https://www.facebook.com/reel/1721944442493015/,https://www.facebook.com/profile.php?id=61585812725679&sk=reels_tab,2026-07-27,remaining,1869,,,,
2240966620000470,https://www.facebook.com/reel/2240966620000470/,https://www.facebook.com/profile.php?id=61585812725679&sk=reels_tab,2026-07-27,remaining,1870,,,,
1460861231952182,https://www.facebook.com/reel/1460861231952182/,https://www.facebook.com/linguoermechanic/reels/,2026-07-27,remaining,1871,,,,
642838215535037,https://www.facebook.com/reel/642838215535037/,https://www.facebook.com/linguoermechanic/reels/,2026-07-27,remaining,1872,,,,
1213643963478395,https://www.facebook.com/reel/1213643963478395/,https://www.facebook.com/profile.php?id=61585812725679&sk=reels_tab,2026-07-27,remaining,1873,,,,
722872430591826,https://www.facebook.com/reel/722872430591826/,https://web.facebook.com/TheFabrikRestoration/reels/,2026-08-08,remaining,1874,,,,
3244093549177621,https://www.facebook.com/reel/3244093549177621/,https://www.facebook.com/linguoermechanic/reels/,2026-07-27,remaining,1875,,,,
24716083728076075,https://www.facebook.com/reel/24716083728076075/,https://web.facebook.com/TheFabrikRestoration/reels/,2026-08-08,remaining,1876,,,,
1803631454130057,https://www.facebook.com/reel/1803631454130057/,https://web.facebook.com/TheFabrikRestoration/reels/,2026-08-08,remaining,1877,,,,
1727978318627825,https://www.facebook.com/reel/1727978318627825/,https://www.facebook.com/profile.php?id=61585812725679&sk=reels_tab,2026-07-27,remaining,1878,,,,
419613977389353,https://www.facebook.com/reel/419613977389353/,https://www.facebook.com/linguoermechanic/reels/,2026-07-27,remaining,1879,,,,
2239860936420891,https://www.facebook.com/reel/2239860936420891/,https://www.facebook.com/profile.php?id=61585812725679&sk=reels_tab,2026-07-27,remaining,1880,,,,
723461609275577,https://www.facebook.com/reel/723461609275577/,https://www.facebook.com/linguoermechanic/reels/,2026-07-27,remaining,1881,,,,
872426555861851,https://www.facebook.com/reel/872426555861851/,https://www.facebook.com/profile.php?id=61585812725679&sk=reels_tab,2026-07-27,remaining,1882,,,,
1827907471258594,https://www.facebook.com/reel/1827907471258594/,https://www.facebook.com/linguoermechanic/reels/,2026-07-27,remaining,1883,,,,
424917884001865,https://www.facebook.com/reel/424917884001865/,https://www.facebook.com/linguoermechanic/reels/,2026-07-27,remaining,1884,,,,
2209009652868335,https://www.facebook.com/reel/2209009652868335/,https://www.facebook.com/linguoermechanic/reels/,2026-07-27,remaining,1885,,,,
1516879592983521,https://www.facebook.com/reel/1516879592983521/,https://www.facebook.com/linguoermechanic/reels/,2026-07-27,remaining,1886,,,,
1022685916987371,https://www.facebook.com/reel/1022685916987371/,https://www.facebook.com/profile.php?id=61585812725679&sk=reels_tab,2026-07-27,remaining,1887,,,,
442983345048337,https://www.facebook.com/reel/442983345048337/,https://web.facebook.com/TheFabrikRestoration/reels/,2026-08-08,remaining,1888,,,,
975152728588976,https://www.facebook.com/reel/975152728588976/,https://www.facebook.com/profile.php?id=61585812725679&sk=reels_tab,2026-07-27,remaining,1889,,,,
1441669323902770,https://www.facebook.com/reel/1441669323902770/,https://www.facebook.com/profile.php?id=61585812725679&sk=reels_tab,2026-07-27,remaining,1890,,,,
1083912350468338,https://www.facebook.com/reel/1083912350468338/,https://web.facebook.com/TheFabrikRestoration/reels/,2026-08-08,remaining,1891,,,,
1201314228310152,https://www.facebook.com/reel/1201314228310152/,https://www.facebook.com/linguoermechanic/reels/,2026-07-27,remaining,1892,,,,
643547323872031,https://www.facebook.com/reel/643547323872031/,https://www.facebook.com/linguoermechanic/reels/,2026-07-27,remaining,1893,,,,
1053112360332982,https://www.facebook.com/reel/1053112360332982/,https://www.facebook.com/linguoermechanic/reels/,2026-07-27,remaining,1894,,,,
714610961034907,https://www.facebook.com/reel/714610961034907/,https://www.facebook.com/linguoermechanic/reels/,2026-07-27,remaining,1895,,,,
1219091535850321,https://www.facebook.com/reel/1219091535850321/,https://www.facebook.com/linguoermechanic/reels/,2026-07-27,remaining,1896,,,,
1554237418894382,https://www.facebook.com/reel/1554237418894382/,https://www.facebook.com/linguoermechanic/reels/,2026-07-27,remaining,1897,,,,
729956699639884,https://www.facebook.com/reel/729956699639884/,https://www.facebook.com/linguoermechanic/reels/,2026-07-27,remaining,1898,,,,
680040905040997,https://www.facebook.com/reel/680040905040997/,https://www.facebook.com/linguoermechanic/reels/,2026-07-27,remaining,1899,,,,
978010971882515,https://www.facebook.com/reel/978010971882515/,https://www.facebook.com/profile.php?id=61585812725679&sk=reels_tab,2026-07-27,remaining,1900,,,,
1109262600191929,https://www.facebook.com/reel/1109262600191929/,https://www.facebook.com/linguoermechanic/reels/,2026-07-27,remaining,1901,,,,
6057134871002064,https://www.facebook.com/reel/6057134871002064/,https://www.facebook.com/linguoermechanic/reels/,2026-07-27,remaining,1902,,,,
1482374610086691,https://www.facebook.com/reel/1482374610086691/,https://www.facebook.com/profile.php?id=61585812725679&sk=reels_tab,2026-07-27,remaining,1903,,,,
9862028253873881,https://www.facebook.com/reel/9862028253873881/,https://www.facebook.com/linguoermechanic/reels/,2026-07-27,remaining,1904,,,,
1376072244423130,https://www.facebook.com/reel/1376072244423130/,https://web.facebook.com/TheFabrikRestoration/reels/,2026-08-08,remaining,1905,,,,
205397215772753,https://www.facebook.com/reel/205397215772753/,https://www.facebook.com/linguoermechanic/reels/,2026-07-27,remaining,1906,,,,
179049751810944,https://www.facebook.com/reel/179049751810944/,https://www.facebook.com/linguoermechanic/reels/,2026-07-27,remaining,1907,,,,
224584283420288,https://www.facebook.com/reel/224584283420288/,https://web.facebook.com/TheFabrikRestoration/reels/,2026-08-08,remaining,1908,,,,
580765920490099,https://www.facebook.com/reel/580765920490099/,https://www.facebook.com/linguoermechanic/reels/,2026-07-27,remaining,1909,,,,
2083849625795770,https://www.facebook.com/reel/2083849625795770/,https://www.facebook.com/linguoermechanic/reels/,2026-07-27,remaining,1910,,,,
1514907003116801,https://www.facebook.com/reel/1514907003116801/,https://www.facebook.com/linguoermechanic/reels/,2026-07-27,remaining,1911,,,,
1903177000486211,https://www.facebook.com/reel/1903177000486211/,https://www.facebook.com/linguoermechanic/reels/,2026-07-27,remaining,1912,,,,
2684934885236124,https://www.facebook.com/reel/2684934885236124/,https://www.facebook.com/profile.php?id=61585812725679&sk=reels_tab,2026-07-27,remaining,1913,,,,
1328634236024986,https://www.facebook.com/reel/1328634236024986/,https://www.facebook.com/profile.php?id=61585812725679&sk=reels_tab,2026-07-27,remaining,1914,,,,
765759405773924,https://www.facebook.com/reel/765759405773924/,https://www.facebook.com/linguoermechanic/reels/,2026-07-27,remaining,1915,,,,
1384270489124008,https://www.facebook.com/reel/1384270489124008/,https://web.facebook.com/TheFabrikRestoration/reels/,2026-08-08,remaining,1916,,,,
1439858564084628,https://www.facebook.com/reel/1439858564084628/,https://www.facebook.com/profile.php?id=61585812725679&sk=reels_tab,2026-07-27,remaining,1917,,,,
474742944595801,https://www.facebook.com/reel/474742944595801/,https://www.facebook.com/linguoermechanic/reels/,2026-07-27,remaining,1918,,,,
2377275772641666,https://www.facebook.com/reel/2377275772641666/,https://www.facebook.com/linguoermechanic/reels/,2026-07-27,remaining,1919,,,,
1656796988275156,https://www.facebook.com/reel/1656796988275156/,https://www.facebook.com/linguoermechanic/reels/,2026-07-27,remaining,1920,,,,
1572902967519389,https://www.facebook.com/reel/1572902967519389/,https://www.facebook.com/profile.php?id=61585812725679&sk=reels_tab,2026-07-27,remaining,1921,,,,
2049519452068777,https://www.facebook.com/reel/2049519452068777/,https://www.facebook.com/linguoermechanic/reels/,2026-07-27,remaining,1922,,,,
1676008186744288,https://www.facebook.com/reel/1676008186744288/,https://www.facebook.com/linguoermechanic/reels/,2026-07-27,remaining,1923,,,,
974091368652062,https://www.facebook.com/reel/974091368652062/,https://www.facebook.com/profile.php?id=61585812725679&sk=reels_tab,2026-07-27,remaining,1924,,,,
1431899857668659,https://www.facebook.com/reel/1431899857668659/,https://www.facebook.com/linguoermechanic/reels/,2026-07-27,remaining,1925,,,,
1418742732420924,https://www.facebook.com/reel/1418742732420924/,https://www.facebook.com/linguoermechanic/reels/,2026-07-27,remaining,1926,,,,
1068906311830568,https://www.facebook.com/reel/1068906311830568/,https://www.facebook.com/linguoermechanic/reels/,2026-07-27,remaining,1927,,,,
1510445823776722,https://www.facebook.com/reel/1510445823776722/,https://www.facebook.com/profile.php?id=61585812725679&sk=reels_tab,2026-07-27,remaining,1928,,,,
742026861938879,https://www.facebook.com/reel/742026861938879/,https://web.facebook.com/TheFabrikRestoration/reels/,2026-08-08,remaining,1929,,,,
1034838972784296,https://www.facebook.com/reel/1034838972784296/,https://www.facebook.com/profile.php?id=61585812725679&sk=reels_tab,2026-07-27,remaining,1930,,,,
4894203744023544,https://www.facebook.com/reel/4894203744023544/,https://web.facebook.com/TheFabrikRestoration/reels/,2026-08-08,remaining,1931,,,,
993533422304374,https://www.facebook.com/reel/993533422304374/,https://www.facebook.com/linguoermechanic/reels/,2026-07-27,remaining,1932,,,,
397144962746620,https://www.facebook.com/reel/397144962746620/,https://www.facebook.com/linguoermechanic/reels/,2026-07-27,remaining,1933,,,,
460307926242851,https://www.facebook.com/reel/460307926242851/,https://www.facebook.com/linguoermechanic/reels/,2026-07-27,remaining,1934,,,,
1631333331340001,https://www.facebook.com/reel/1631333331340001/,https://www.facebook.com/profile.php?id=61585812725679&sk=reels_tab,2026-07-27,remaining,1935,,,,
3523558221135718,https://www.facebook.com/reel/3523558221135718/,https://www.facebook.com/profile.php?id=61585812725679&sk=reels_tab,2026-07-27,remaining,1936,,,,
977923526618957,https://www.facebook.com/reel/977923526618957/,https://www.facebook.com/linguoermechanic/reels/,2026-07-27,remaining,1937,,,,
1271073054834103,https://www.facebook.com/reel/1271073054834103/,https://www.facebook.com/linguoermechanic/reels/,2026-07-27,remaining,1938,,,,
947196838232139,https://www.facebook.com/reel/947196838232139/,https://web.facebook.com/TheFabrikRestoration/reels/,2026-08-08,remaining,1939,,,,
1389060061853572,https://www.facebook.com/reel/1389060061853572/,https://www.facebook.com/linguoermechanic/reels/,2026-07-27,remaining,1940,,,,
1352240958640293,https://www.facebook.com/reel/1352240958640293/,https://www.facebook.com/linguoermechanic/reels/,2026-07-27,remaining,1941,,,,
1032149379368652,https://www.facebook.com/reel/1032149379368652/,https://www.facebook.com/profile.php?id=61585812725679&sk=reels_tab,2026-07-27,remaining,1942,,,,
882825962711185,https://www.facebook.com/reel/882825962711185/,https://www.facebook.com/linguoermechanic/reels/,2026-07-27,remaining,1943,,,,
1660597061572015,https://www.facebook.com/reel/1660597061572015/,https://www.facebook.com/linguoermechanic/reels/,2026-07-27,remaining,1944,,,,
246383401376165,https://www.facebook.com/reel/246383401376165/,https://www.facebook.com/linguoermechanic/reels/,2026-07-27,remaining,1945,,,,
1409437203230456,https://www.facebook.com/reel/1409437203230456/,https://web.facebook.com/TheFabrikRestoration/reels/,2026-08-08,remaining,1946,,,,
1196020128920943,https://www.facebook.com/reel/1196020128920943/,https://web.facebook.com/TheFabrikRestoration/reels/,2026-08-08,remaining,1947,,,,
588700153713893,https://www.facebook.com/reel/588700153713893/,https://www.facebook.com/linguoermechanic/reels/,2026-07-27,remaining,1948,,,,
25434303202920923,https://www.facebook.com/reel/25434303202920923/,https://www.facebook.com/linguoermechanic/reels/,2026-07-27,remaining,1949,,,,
23932591389745047,https://www.facebook.com/reel/23932591389745047/,https://www.facebook.com/linguoermechanic/reels/,2026-07-27,remaining,1950,,,,
407266528510248,https://www.facebook.com/reel/407266528510248/,https://web.facebook.com/TheFabrikRestoration/reels/,2026-08-08,remaining,1951,,,,
697431839435792,https://www.facebook.com/reel/697431839435792/,https://www.facebook.com/linguoermechanic/reels/,2026-07-27,remaining,1952,,,,
3336861203147671,https://www.facebook.com/reel/3336861203147671/,https://www.facebook.com/profile.php?id=61585812725679&sk=reels_tab,2026-07-27,remaining,1953,,,,
1568242188338194,https://www.facebook.com/reel/1568242188338194/,https://web.facebook.com/TheFabrikRestoration/reels/,2026-08-08,remaining,1954,,,,
1882380635969781,https://www.facebook.com/reel/1882380635969781/,https://www.facebook.com/linguoermechanic/reels/,2026-07-27,remaining,1955,,,,
1465690034722338,https://www.facebook.com/reel/1465690034722338/,https://web.facebook.com/TheFabrikRestoration/reels/,2026-08-08,remaining,1956,,,,
584133603251615,https://www.facebook.com/reel/584133603251615/,https://www.facebook.com/linguoermechanic/reels/,2026-07-27,remaining,1957,,,,
2061515840892237,https://www.facebook.com/reel/2061515840892237/,https://web.facebook.com/TheFabrikRestoration/reels/,2026-08-08,remaining,1958,,,,
378026834985949,https://www.facebook.com/reel/378026834985949/,https://web.facebook.com/TheFabrikRestoration/reels/,2026-08-08,remaining,1959,,,,
2083121282096664,https://www.facebook.com/reel/2083121282096664/,https://web.facebook.com/TheFabrikRestoration/reels/,2026-08-08,remaining,1960,,,,
2315821282282429,https://www.facebook.com/reel/2315821282282429/,https://www.facebook.com/linguoermechanic/reels/,2026-07-27,remaining,1961,,,,
1466316574599540,https://www.facebook.com/reel/1466316574599540/,https://www.facebook.com/linguoermechanic/reels/,2026-07-27,remaining,1962,,,,
705910262273846,https://www.facebook.com/reel/705910262273846/,https://www.facebook.com/linguoermechanic/reels/,2026-07-27,remaining,1963,,,,
1705238273513771,https://www.facebook.com/reel/1705238273513771/,https://www.facebook.com/linguoermechanic/reels/,2026-07-27,remaining,1964,,,,
898366222415396,https://www.facebook.com/reel/898366222415396/,https://www.facebook.com/linguoermechanic/reels/,2026-07-27,remaining,1965,,,,
701588448018692,https://www.facebook.com/reel/701588448018692/,https://www.facebook.com/linguoermechanic/reels/,2026-07-27,remaining,1966,,,,
1470875830700258,https://www.facebook.com/reel/1470875830700258/,https://www.facebook.com/linguoermechanic/reels/,2026-07-27,remaining,1967,,,,
1746269389085432,https://www.facebook.com/reel/1746269389085432/,https://www.facebook.com/linguoermechanic/reels/,2026-07-27,remaining,1968,,,,
726239716430334,https://www.facebook.com/reel/726239716430334/,https://www.facebook.com/linguoermechanic/reels/,2026-07-27,remaining,1969,,,,
611615583898669,https://www.facebook.com/reel/611615583898669/,https://web.facebook.com/TheFabrikRestoration/reels/,2026-08-08,remaining,1970,,,,
2212176176280881,https://www.facebook.com/reel/2212176176280881/,https://www.facebook.com/linguoermechanic/reels/,2026-07-27,remaining,1971,,,,
1991936901690671,https://www.facebook.com/reel/1991936901690671/,https://www.facebook.com/profile.php?id=61585812725679&sk=reels_tab,2026-07-27,remaining,1972,,,,
1132998662064467,https://www.facebook.com/reel/1132998662064467/,https://www.facebook.com/linguoermechanic/reels/,2026-07-27,remaining,1973,,,,
1015935697518249,https://www.facebook.com/reel/1015935697518249/,https://www.facebook.com/profile.php?id=61585812725679&sk=reels_tab,2026-07-27,remaining,1974,,,,
3475274852747717,https://www.facebook.com/reel/3475274852747717/,https://www.facebook.com/linguoermechanic/reels/,2026-07-27,remaining,1975,,,,
788208396509270,https://www.facebook.com/reel/788208396509270/,https://web.facebook.com/TheFabrikRestoration/reels/,2026-08-08,remaining,1976,,,,
221630391041029,https://www.facebook.com/reel/221630391041029/,https://www.facebook.com/linguoermechanic/reels/,2026-07-27,remaining,1977,,,,
1435952514978768,https://www.facebook.com/reel/1435952514978768/,https://www.facebook.com/profile.php?id=61585812725679&sk=reels_tab,2026-07-27,remaining,1978,,,,
2509205236178801,https://www.facebook.com/reel/2509205236178801/,https://www.facebook.com/profile.php?id=61585812725679&sk=reels_tab,2026-07-27,remaining,1979,,,,
1569263061085478,https://www.facebook.com/reel/1569263061085478/,https://www.facebook.com/linguoermechanic/reels/,2026-07-27,remaining,1980,,,,
194060170011306,https://www.facebook.com/reel/194060170011306/,https://www.facebook.com/linguoermechanic/reels/,2026-07-27,remaining,1981,,,,
1240996331209432,https://www.facebook.com/reel/1240996331209432/,https://www.facebook.com/profile.php?id=61585812725679&sk=reels_tab,2026-07-27,remaining,1982,,,,
4077462625875918,https://www.facebook.com/reel/4077462625875918/,https://www.facebook.com/linguoermechanic/reels/,2026-07-27,remaining,1983,,,,
1485218892077386,https://www.facebook.com/reel/1485218892077386/,https://www.facebook.com/linguoermechanic/reels/,2026-07-27,remaining,1984,,,,
1164753744691726,https://www.facebook.com/reel/1164753744691726/,https://web.facebook.com/TheFabrikRestoration/reels/,2026-08-08,remaining,1985,,,,
1093751106051261,https://www.facebook.com/reel/1093751106051261/,https://web.facebook.com/TheFabrikRestoration/reels/,2026-08-08,remaining,1986,,,,
1306110807986734,https://www.facebook.com/reel/1306110807986734/,https://web.facebook.com/TheFabrikRestoration/reels/,2026-08-08,remaining,1987,,,,
1069937035383586,https://www.facebook.com/reel/1069937035383586/,https://www.facebook.com/profile.php?id=61585812725679&sk=reels_tab,2026-07-27,remaining,1988,,,,
3116469015205332,https://www.facebook.com/reel/3116469015205332/,https://www.facebook.com/profile.php?id=61585812725679&sk=reels_tab,2026-07-27,remaining,1989,,,,
1508992800600874,https://www.facebook.com/reel/1508992800600874/,https://web.facebook.com/TheFabrikRestoration/reels/,2026-08-08,remaining,1990,,,,
1846720619328065,https://www.facebook.com/reel/1846720619328065/,https://www.facebook.com/profile.php?id=61585812725679&sk=reels_tab,2026-07-27,remaining,1991,,,,
780753057235452,https://www.facebook.com/reel/780753057235452/,https://web.facebook.com/TheFabrikRestoration/reels/,2026-08-08,remaining,1992,,,,
1446717830493966,https://www.facebook.com/reel/1446717830493966/,https://www.facebook.com/profile.php?id=61585812725679&sk=reels_tab,2026-07-27,remaining,1993,,,,
1122466262646591,https://www.facebook.com/reel/1122466262646591/,https://www.facebook.com/linguoermechanic/reels/,2026-07-27,remaining,1994,,,,
909411454094427,https://www.facebook.com/reel/909411454094427/,https://www.facebook.com/linguoermechanic/reels/,2026-07-27,remaining,1995,,,,
983813827340835,https://www.facebook.com/reel/983813827340835/,https://www.facebook.com/profile.php?id=61585812725679&sk=reels_tab,2026-07-27,remaining,1996,,,,
694787036628914,https://www.facebook.com/reel/694787036628914/,https://www.facebook.com/linguoermechanic/reels/,2026-07-27,remaining,1997,,,,
493392557041714,https://www.facebook.com/reel/493392557041714/,https://www.facebook.com/linguoermechanic/reels/,2026-07-27,remaining,1998,,,,
1931484784154979,https://www.facebook.com/reel/1931484784154979/,https://www.facebook.com/profile.php?id=61585812725679&sk=reels_tab,2026-07-27,remaining,1999,,,,
3094202734103385,https://www.facebook.com/reel/3094202734103385/,https://www.facebook.com/profile.php?id=61585812725679&sk=reels_tab,2026-07-27,remaining,2000,,,,
2102984783783439,https://www.facebook.com/reel/2102984783783439/,https://www.facebook.com/profile.php?id=61585812725679&sk=reels_tab,2026-07-27,remaining,2001,,,,
995703644960106,https://www.facebook.com/reel/995703644960106/,https://web.facebook.com/TheFabrikRestoration/reels/,2026-08-08,remaining,2002,,,,
1454160659291178,https://www.facebook.com/reel/1454160659291178/,https://www.facebook.com/linguoermechanic/reels/,2026-07-27,remaining,2003,,,,
1885007175494713,https://www.facebook.com/reel/1885007175494713/,https://www.facebook.com/profile.php?id=61585812725679&sk=reels_tab,2026-07-27,remaining,2004,,,,
1526165099240353,https://www.facebook.com/reel/1526165099240353/,https://web.facebook.com/TheFabrikRestoration/reels/,2026-08-08,remaining,2005,,,,
1597925538106873,https://www.facebook.com/reel/1597925538106873/,https://www.facebook.com/profile.php?id=61585812725679&sk=reels_tab,2026-07-27,remaining,2006,,,,
428630529085520,https://www.facebook.com/reel/428630529085520/,https://www.facebook.com/linguoermechanic/reels/,2026-07-27,remaining,2007,,,,
595477279139517,https://www.facebook.com/reel/595477279139517/,https://web.facebook.com/TheFabrikRestoration/reels/,2026-08-08,remaining,2008,,,,
3943206169316314,https://www.facebook.com/reel/3943206169316314/,https://www.facebook.com/profile.php?id=61585812725679&sk=reels_tab,2026-07-27,remaining,2009,,,,
1028277345228245,https://www.facebook.com/reel/1028277345228245/,https://www.facebook.com/linguoermechanic/reels/,2026-07-27,remaining,2010,,,,
756284177253848,https://www.facebook.com/reel/756284177253848/,https://www.facebook.com/linguoermechanic/reels/,2026-07-27,remaining,2011,,,,
475493708141029,https://www.facebook.com/reel/475493708141029/,https://web.facebook.com/TheFabrikRestoration/reels/,2026-08-08,remaining,2012,,,,
1258415223111471,https://www.facebook.com/reel/1258415223111471/,https://www.facebook.com/profile.php?id=61585812725679&sk=reels_tab,2026-07-27,remaining,2013,,,,
1110756449622944,https://www.facebook.com/reel/1110756449622944/,https://web.facebook.com/TheFabrikRestoration/reels/,2026-08-08,remaining,2014,,,,
24010256481942564,https://www.facebook.com/reel/24010256481942564/,https://www.facebook.com/linguoermechanic/reels/,2026-07-27,remaining,2015,,,,
883611331105225,https://www.facebook.com/reel/883611331105225/,https://web.facebook.com/TheFabrikRestoration/reels/,2026-08-08,remaining,2016,,,,
846430170784674,https://www.facebook.com/reel/846430170784674/,https://www.facebook.com/linguoermechanic/reels/,2026-07-27,remaining,2017,,,,
2004383037201857,https://www.facebook.com/reel/2004383037201857/,https://www.facebook.com/profile.php?id=61585812725679&sk=reels_tab,2026-07-27,remaining,2018,,,,
500273918533343,https://www.facebook.com/reel/500273918533343/,https://www.facebook.com/linguoermechanic/reels/,2026-07-27,remaining,2019,,,,
680498390686789,https://www.facebook.com/reel/680498390686789/,https://web.facebook.com/TheFabrikRestoration/reels/,2026-08-08,remaining,2020,,,,
2540965256381261,https://www.facebook.com/reel/2540965256381261/,https://www.facebook.com/linguoermechanic/reels/,2026-07-27,remaining,2021,,,,
1461905822137050,https://www.facebook.com/reel/1461905822137050/,https://www.facebook.com/profile.php?id=61585812725679&sk=reels_tab,2026-07-27,remaining,2022,,,,
1317871393782058,https://www.facebook.com/reel/1317871393782058/,https://www.facebook.com/profile.php?id=61585812725679&sk=reels_tab,2026-07-27,remaining,2023,,,,
1375325543808482,https://www.facebook.com/reel/1375325543808482/,https://www.facebook.com/linguoermechanic/reels/,2026-07-27,remaining,2024,,,,
1202433100400011,https://www.facebook.com/reel/1202433100400011/,https://www.facebook.com/linguoermechanic/reels/,2026-07-27,remaining,2025,,,,
2237684190369452,https://www.facebook.com/reel/2237684190369452/,https://www.facebook.com/profile.php?id=61585812725679&sk=reels_tab,2026-07-27,remaining,2026,,,,
1703938790490140,https://www.facebook.com/reel/1703938790490140/,https://www.facebook.com/linguoermechanic/reels/,2026-07-27,remaining,2027,,,,
1589419809435421,https://www.facebook.com/reel/1589419809435421/,https://www.facebook.com/profile.php?id=61585812725679&sk=reels_tab,2026-07-27,remaining,2028,,,,
427816332419984,https://www.facebook.com/reel/427816332419984/,https://web.facebook.com/TheFabrikRestoration/reels/,2026-08-08,remaining,2029,,,,
1337901451180804,https://www.facebook.com/reel/1337901451180804/,https://web.facebook.com/TheFabrikRestoration/reels/,2026-08-08,remaining,2030,,,,
839129198975470,https://www.facebook.com/reel/839129198975470/,https://www.facebook.com/profile.php?id=61585812725679&sk=reels_tab,2026-07-27,remaining,2031,,,,
1195411752186824,https://www.facebook.com/reel/1195411752186824/,https://www.facebook.com/linguoermechanic/reels/,2026-07-27,remaining,2032,,,,
1686468111905881,https://www.facebook.com/reel/1686468111905881/,https://www.facebook.com/linguoermechanic/reels/,2026-07-27,remaining,2033,,,,
2423668731155145,https://www.facebook.com/reel/2423668731155145/,https://web.facebook.com/TheFabrikRestoration/reels/,2026-08-08,remaining,2034,,,,
27024097210603274,https://www.facebook.com/reel/27024097210603274/,https://www.facebook.com/profile.php?id=61585812725679&sk=reels_tab,2026-07-27,remaining,2035,,,,
1383208943127476,https://www.facebook.com/reel/1383208943127476/,https://www.facebook.com/linguoermechanic/reels/,2026-07-27,remaining,2036,,,,
1015680270832178,https://www.facebook.com/reel/1015680270832178/,https://web.facebook.com/TheFabrikRestoration/reels/,2026-08-08,remaining,2037,,,,
1733446501191488,https://www.facebook.com/reel/1733446501191488/,https://www.facebook.com/profile.php?id=61585812725679&sk=reels_tab,2026-07-27,remaining,2038,,,,
697692309278622,https://www.facebook.com/reel/697692309278622/,https://www.facebook.com/linguoermechanic/reels/,2026-07-27,remaining,2039,,,,
480532410906737,https://www.facebook.com/reel/480532410906737/,https://www.facebook.com/linguoermechanic/reels/,2026-07-27,remaining,2040,,,,
1444243555983060,https://www.facebook.com/reel/1444243555983060/,https://www.facebook.com/linguoermechanic/reels/,2026-07-27,remaining,2041,,,,
1332125813976106,https://www.facebook.com/reel/1332125813976106/,https://www.facebook.com/linguoermechanic/reels/,2026-07-27,remaining,2042,,,,
973787371794679,https://www.facebook.com/reel/973787371794679/,https://www.facebook.com/profile.php?id=61585812725679&sk=reels_tab,2026-07-27,remaining,2043,,,,
6626368047454999,https://www.facebook.com/reel/6626368047454999/,https://www.facebook.com/linguoermechanic/reels/,2026-07-27,remaining,2044,,,,
1818684222851619,https://www.facebook.com/reel/1818684222851619/,https://www.facebook.com/profile.php?id=61585812725679&sk=reels_tab,2026-07-27,remaining,2045,,,,
4038852236328195,https://www.facebook.com/reel/4038852236328195/,https://web.facebook.com/TheFabrikRestoration/reels/,2026-08-08,remaining,2046,,,,
3266737450253458,https://www.facebook.com/reel/3266737450253458/,https://www.facebook.com/linguoermechanic/reels/,2026-07-27,remaining,2047,,,,
869647875048013,https://www.facebook.com/reel/869647875048013/,https://web.facebook.com/TheFabrikRestoration/reels/,2026-08-08,remaining,2048,,,,
1497873734976173,https://www.facebook.com/reel/1497873734976173/,https://www.facebook.com/profile.php?id=61585812725679&sk=reels_tab,2026-07-27,remaining,2049,,,,
1033300337349031,https://www.facebook.com/reel/1033300337349031/,https://www.facebook.com/linguoermechanic/reels/,2026-07-27,remaining,2050,,,,
2045974965592804,https://www.facebook.com/reel/2045974965592804/,https://www.facebook.com/linguoermechanic/reels/,2026-07-27,remaining,2051,,,,
1204137194958776,https://www.facebook.com/reel/1204137194958776/,https://www.facebook.com/linguoermechanic/reels/,2026-07-27,remaining,2052,,,,
896351021917525,https://www.facebook.com/reel/896351021917525/,https://web.facebook.com/TheFabrikRestoration/reels/,2026-08-08,remaining,2053,,,,
539676342156644,https://www.facebook.com/reel/539676342156644/,https://web.facebook.com/TheFabrikRestoration/reels/,2026-08-08,remaining,2054,,,,
983736396724032,https://www.facebook.com/reel/983736396724032/,https://www.facebook.com/linguoermechanic/reels/,2026-07-27,remaining,2055,,,,
1777261010366112,https://www.facebook.com/reel/1777261010366112/,https://www.facebook.com/profile.php?id=61585812725679&sk=reels_tab,2026-07-27,remaining,2056,,,,
1186542939441896,https://www.facebook.com/reel/1186542939441896/,https://www.facebook.com/linguoermechanic/reels/,2026-07-27,remaining,2057,,,,
712443637901091,https://www.facebook.com/reel/712443637901091/,https://www.facebook.com/linguoermechanic/reels/,2026-07-27,remaining,2058,,,,
3950427508517279,https://www.facebook.com/reel/3950427508517279/,https://www.facebook.com/linguoermechanic/reels/,2026-07-27,remaining,2059,,,,
1197604852377000,https://www.facebook.com/reel/1197604852377000/,https://www.facebook.com/linguoermechanic/reels/,2026-07-27,remaining,2060,,,,
841451890910893,https://www.facebook.com/reel/841451890910893/,https://www.facebook.com/linguoermechanic/reels/,2026-07-27,remaining,2061,,,,
4421853504727482,https://www.facebook.com/reel/4421853504727482/,https://www.facebook.com/profile.php?id=61585812725679&sk=reels_tab,2026-07-27,remaining,2062,,,,
1445902910471704,https://www.facebook.com/reel/1445902910471704/,https://web.facebook.com/TheFabrikRestoration/reels/,2026-08-08,remaining,2063,,,,
911758541058450,https://www.facebook.com/reel/911758541058450/,https://web.facebook.com/TheFabrikRestoration/reels/,2026-08-08,remaining,2064,,,,
1662361164766584,https://www.facebook.com/reel/1662361164766584/,https://www.facebook.com/linguoermechanic/reels/,2026-07-27,remaining,2065,,,,
259319603229411,https://www.facebook.com/reel/259319603229411/,https://www.facebook.com/linguoermechanic/reels/,2026-07-27,remaining,2066,,,,
1246073040619108,https://www.facebook.com/reel/1246073040619108/,https://www.facebook.com/profile.php?id=61585812725679&sk=reels_tab,2026-07-27,remaining,2067,,,,
392611493549914,https://www.facebook.com/reel/392611493549914/,https://www.facebook.com/linguoermechanic/reels/,2026-07-27,remaining,2068,,,,
675017348727745,https://www.facebook.com/reel/675017348727745/,https://www.facebook.com/linguoermechanic/reels/,2026-07-27,remaining,2069,,,,
1378202606792261,https://www.facebook.com/reel/1378202606792261/,https://www.facebook.com/linguoermechanic/reels/,2026-07-27,remaining,2070,,,,
1403835893776090,https://www.facebook.com/reel/1403835893776090/,https://www.facebook.com/linguoermechanic/reels/,2026-07-27,remaining,2071,,,,
1493470215033490,https://www.facebook.com/reel/1493470215033490/,https://www.facebook.com/profile.php?id=61585812725679&sk=reels_tab,2026-07-27,remaining,2072,,,,
1680451569284915,https://www.facebook.com/reel/1680451569284915/,https://www.facebook.com/linguoermechanic/reels/,2026-07-27,remaining,2073,,,,
966590792929144,https://www.facebook.com/reel/966590792929144/,https://www.facebook.com/profile.php?id=61585812725679&sk=reels_tab,2026-07-27,remaining,2074,,,,
597547399283205,https://www.facebook.com/reel/597547399283205/,https://web.facebook.com/TheFabrikRestoration/reels/,2026-08-08,remaining,2075,,,,
1095376471907211,https://www.facebook.com/reel/1095376471907211/,https://www.facebook.com/linguoermechanic/reels/,2026-07-27,remaining,2076,,,,
1509555027628046,https://www.facebook.com/reel/1509555027628046/,https://www.facebook.com/profile.php?id=61585812725679&sk=reels_tab,2026-07-27,remaining,2077,,,,
3564161540407638,https://www.facebook.com/reel/3564161540407638/,https://www.facebook.com/profile.php?id=61585812725679&sk=reels_tab,2026-07-27,remaining,2078,,,,
1578942425887105,https://www.facebook.com/reel/1578942425887105/,https://web.facebook.com/TheFabrikRestoration/reels/,2026-08-08,remaining,2079,,,,
1356178122693774,https://www.facebook.com/reel/1356178122693774/,https://www.facebook.com/profile.php?id=61585812725679&sk=reels_tab,2026-07-27,remaining,2080,,,,
3096413183875947,https://www.facebook.com/reel/3096413183875947/,https://www.facebook.com/profile.php?id=61585812725679&sk=reels_tab,2026-07-27,remaining,2081,,,,
2665432640464180,https://www.facebook.com/reel/2665432640464180/,https://www.facebook.com/linguoermechanic/reels/,2026-07-27,remaining,2082,,,,
439275928839259,https://www.facebook.com/reel/439275928839259/,https://www.facebook.com/linguoermechanic/reels/,2026-07-27,remaining,2083,,,,
576845351319423,https://www.facebook.com/reel/576845351319423/,https://www.facebook.com/linguoermechanic/reels/,2026-07-27,remaining,2084,,,,
683793133311930,https://www.facebook.com/reel/683793133311930/,https://www.facebook.com/linguoermechanic/reels/,2026-07-27,remaining,2085,,,,
1709819446887918,https://www.facebook.com/reel/1709819446887918/,https://www.facebook.com/profile.php?id=61585812725679&sk=reels_tab,2026-07-27,remaining,2086,,,,
1292896402498333,https://www.facebook.com/reel/1292896402498333/,https://www.facebook.com/linguoermechanic/reels/,2026-07-27,remaining,2087,,,,
1541871207657843,https://www.facebook.com/reel/1541871207657843/,https://www.facebook.com/profile.php?id=61585812725679&sk=reels_tab,2026-07-27,remaining,2088,,,,
948514827496277,https://www.facebook.com/reel/948514827496277/,https://www.facebook.com/linguoermechanic/reels/,2026-07-27,remaining,2089,,,,
934551262882026,https://www.facebook.com/reel/934551262882026/,https://www.facebook.com/profile.php?id=61585812725679&sk=reels_tab,2026-07-27,remaining,2090,,,,
799950041599544,https://www.facebook.com/reel/799950041599544/,https://www.facebook.com/linguoermechanic/reels/,2026-07-27,remaining,2091,,,,
1910791642648938,https://www.facebook.com/reel/1910791642648938/,https://www.facebook.com/linguoermechanic/reels/,2026-07-27,remaining,2092,,,,
865284128940203,https://www.facebook.com/reel/865284128940203/,https://www.facebook.com/linguoermechanic/reels/,2026-07-27,remaining,2093,,,,
615049254877396,https://www.facebook.com/reel/615049254877396/,https://www.facebook.com/linguoermechanic/reels/,2026-07-27,remaining,2094,,,,
405326458987178,https://www.facebook.com/reel/405326458987178/,https://www.facebook.com/linguoermechanic/reels/,2026-07-27,remaining,2095,,,,
1125207489010358,https://www.facebook.com/reel/1125207489010358/,https://web.facebook.com/TheFabrikRestoration/reels/,2026-08-08,remaining,2096,,,,
988559666419077,https://www.facebook.com/reel/988559666419077/,https://web.facebook.com/TheFabrikRestoration/reels/,2026-08-08,remaining,2097,,,,
1603067334099701,https://www.facebook.com/reel/1603067334099701/,https://web.facebook.com/TheFabrikRestoration/reels/,2026-08-08,remaining,2098,,,,
1470421860335721,https://www.facebook.com/reel/1470421860335721/,https://www.facebook.com/linguoermechanic/reels/,2026-07-27,remaining,2099,,,,
3939353799713023,https://www.facebook.com/reel/3939353799713023/,https://www.facebook.com/linguoermechanic/reels/,2026-07-27,remaining,2100,,,,
726250219760003,https://www.facebook.com/reel/726250219760003/,https://www.facebook.com/linguoermechanic/reels/,2026-07-27,remaining,2101,,,,
259211326982059,https://www.facebook.com/reel/259211326982059/,https://www.facebook.com/linguoermechanic/reels/,2026-07-27,remaining,2102,,,,
495759522689161,https://www.facebook.com/reel/495759522689161/,https://www.facebook.com/linguoermechanic/reels/,2026-07-27,remaining,2103,,,,
810705315236855,https://www.facebook.com/reel/810705315236855/,https://www.facebook.com/profile.php?id=61585812725679&sk=reels_tab,2026-07-27,remaining,2104,,,,
27256146827360978,https://www.facebook.com/reel/27256146827360978/,https://www.facebook.com/profile.php?id=61585812725679&sk=reels_tab,2026-07-27,remaining,2105,,,,
1441738866314360,https://www.facebook.com/reel/1441738866314360/,https://www.facebook.com/linguoermechanic/reels/,2026-07-27,remaining,2106,,,,
1014276280507456,https://www.facebook.com/reel/1014276280507456/,https://www.facebook.com/linguoermechanic/reels/,2026-07-27,remaining,2107,,,,
3986142805044674,https://www.facebook.com/reel/3986142805044674/,https://web.facebook.com/TheFabrikRestoration/reels/,2026-08-08,remaining,2108,,,,
1562977022042216,https://www.facebook.com/reel/1562977022042216/,https://www.facebook.com/profile.php?id=61585812725679&sk=reels_tab,2026-07-27,remaining,2109,,,,
869826900721492,https://www.facebook.com/reel/869826900721492/,https://www.facebook.com/linguoermechanic/reels/,2026-07-27,remaining,2110,,,,
1142959974649266,https://www.facebook.com/reel/1142959974649266/,https://web.facebook.com/TheFabrikRestoration/reels/,2026-08-08,remaining,2111,,,,
4454292574894570,https://www.facebook.com/reel/4454292574894570/,https://www.facebook.com/profile.php?id=61585812725679&sk=reels_tab,2026-07-27,remaining,2112,,,,
1473262647038843,https://www.facebook.com/reel/1473262647038843/,https://www.facebook.com/linguoermechanic/reels/,2026-07-27,remaining,2113,,,,
1918231958732451,https://www.facebook.com/reel/1918231958732451/,https://web.facebook.com/TheFabrikRestoration/reels/,2026-08-08,remaining,2114,,,,
506226589203574,https://www.facebook.com/reel/506226589203574/,https://www.facebook.com/linguoermechanic/reels/,2026-07-27,remaining,2115,,,,
1092974234582846,https://www.facebook.com/reel/1092974234582846/,https://www.facebook.com/linguoermechanic/reels/,2026-07-27,remaining,2116,,,,
1961736877820979,https://www.facebook.com/reel/1961736877820979/,https://www.facebook.com/profile.php?id=61585812725679&sk=reels_tab,2026-07-27,remaining,2117,,,,
1235960001757674,https://www.facebook.com/reel/1235960001757674/,https://www.facebook.com/profile.php?id=61585812725679&sk=reels_tab,2026-07-27,remaining,2118,,,,
480816780927579,https://www.facebook.com/reel/480816780927579/,https://www.facebook.com/linguoermechanic/reels/,2026-07-27,remaining,2119,,,,
2166234206901742,https://www.facebook.com/reel/2166234206901742/,https://www.facebook.com/linguoermechanic/reels/,2026-07-27,remaining,2120,,,,
638814394339769,https://www.facebook.com/reel/638814394339769/,https://www.facebook.com/linguoermechanic/reels/,2026-07-27,remaining,2121,,,,
679265241357263,https://www.facebook.com/reel/679265241357263/,https://www.facebook.com/linguoermechanic/reels/,2026-07-27,remaining,2122,,,,
971011104929830,https://www.facebook.com/reel/971011104929830/,https://www.facebook.com/linguoermechanic/reels/,2026-07-27,remaining,2123,,,,
1690465661806291,https://www.facebook.com/reel/1690465661806291/,https://www.facebook.com/linguoermechanic/reels/,2026-07-27,remaining,2124,,,,
423467407499199,https://www.facebook.com/reel/423467407499199/,https://www.facebook.com/linguoermechanic/reels/,2026-07-27,remaining,2125,,,,
1209384269610217,https://www.facebook.com/reel/1209384269610217/,https://www.facebook.com/linguoermechanic/reels/,2026-07-27,remaining,2126,,,,
1369436077773975,https://www.facebook.com/reel/1369436077773975/,https://www.facebook.com/linguoermechanic/reels/,2026-07-27,remaining,2127,,,,
1933620494192674,https://www.facebook.com/reel/1933620494192674/,https://www.facebook.com/profile.php?id=61585812725679&sk=reels_tab,2026-07-27,remaining,2128,,,,
1291741672729084,https://www.facebook.com/reel/1291741672729084/,https://web.facebook.com/TheFabrikRestoration/reels/,2026-08-08,remaining,2129,,,,
2924598541052842,https://www.facebook.com/reel/2924598541052842/,https://www.facebook.com/linguoermechanic/reels/,2026-07-27,remaining,2130,,,,
699939072390451,https://www.facebook.com/reel/699939072390451/,https://www.facebook.com/linguoermechanic/reels/,2026-07-27,remaining,2131,,,,
2240306453056257,https://www.facebook.com/reel/2240306453056257/,https://www.facebook.com/linguoermechanic/reels/,2026-07-27,remaining,2132,,,,
1262179198292272,https://www.facebook.com/reel/1262179198292272/,https://www.facebook.com/linguoermechanic/reels/,2026-07-27,remaining,2133,,,,
1826368018295102,https://www.facebook.com/reel/1826368018295102/,https://www.facebook.com/linguoermechanic/reels/,2026-07-27,remaining,2134,,,,
1420106205646933,https://www.facebook.com/reel/1420106205646933/,https://www.facebook.com/linguoermechanic/reels/,2026-07-27,remaining,2135,,,,
1368817018355370,https://www.facebook.com/reel/1368817018355370/,https://www.facebook.com/profile.php?id=61585812725679&sk=reels_tab,2026-07-27,remaining,2136,,,,
1195388784541892,https://www.facebook.com/reel/1195388784541892/,https://www.facebook.com/linguoermechanic/reels/,2026-07-27,remaining,2137,,,,
1726222892127549,https://www.facebook.com/reel/1726222892127549/,https://web.facebook.com/TheFabrikRestoration/reels/,2026-08-08,remaining,2138,,,,
1333749088244324,https://www.facebook.com/reel/1333749088244324/,https://www.facebook.com/profile.php?id=61585812725679&sk=reels_tab,2026-07-27,remaining,2139,,,,
727658736653820,https://www.facebook.com/reel/727658736653820/,https://web.facebook.com/TheFabrikRestoration/reels/,2026-08-08,remaining,2140,,,,
1572364280300516,https://www.facebook.com/reel/1572364280300516/,https://www.facebook.com/linguoermechanic/reels/,2026-07-27,remaining,2141,,,,
1238839471750439,https://www.facebook.com/reel/1238839471750439/,https://www.facebook.com/profile.php?id=61585812725679&sk=reels_tab,2026-07-27,remaining,2142,,,,
1959627641361717,https://www.facebook.com/reel/1959627641361717/,https://www.facebook.com/profile.php?id=61585812725679&sk=reels_tab,2026-07-27,remaining,2143,,,,
1747769209123622,https://www.facebook.com/reel/1747769209123622/,https://web.facebook.com/TheFabrikRestoration/reels/,2026-08-08,remaining,2144,,,,
250884130835280,https://www.facebook.com/reel/250884130835280/,https://www.facebook.com/linguoermechanic/reels/,2026-07-27,remaining,2145,,,,
438000985101092,https://www.facebook.com/reel/438000985101092/,https://web.facebook.com/TheFabrikRestoration/reels/,2026-08-08,remaining,2146,,,,
1024333310455968,https://www.facebook.com/reel/1024333310455968/,https://www.facebook.com/profile.php?id=61585812725679&sk=reels_tab,2026-07-27,remaining,2147,,,,
713507070713932,https://www.facebook.com/reel/713507070713932/,https://www.facebook.com/linguoermechanic/reels/,2026-07-27,remaining,2148,,,,
1544829576096691,https://www.facebook.com/reel/1544829576096691/,https://web.facebook.com/TheFabrikRestoration/reels/,2026-08-08,remaining,2149,,,,
2129196331245949,https://www.facebook.com/reel/2129196331245949/,https://www.facebook.com/profile.php?id=61585812725679&sk=reels_tab,2026-07-27,remaining,2150,,,,
1614157669247521,https://www.facebook.com/reel/1614157669247521/,https://www.facebook.com/linguoermechanic/reels/,2026-07-27,remaining,2151,,,,
681889994061811,https://www.facebook.com/reel/681889994061811/,https://web.facebook.com/TheFabrikRestoration/reels/,2026-08-08,remaining,2152,,,,
1001403948283340,https://www.facebook.com/reel/1001403948283340/,https://www.facebook.com/linguoermechanic/reels/,2026-07-27,remaining,2153,,,,
643193040907941,https://www.facebook.com/reel/643193040907941/,https://www.facebook.com/linguoermechanic/reels/,2026-07-27,remaining,2154,,,,
553039847821354,https://www.facebook.com/reel/553039847821354/,https://web.facebook.com/TheFabrikRestoration/reels/,2026-08-08,remaining,2155,,,,
690033623126086,https://www.facebook.com/reel/690033623126086/,https://www.facebook.com/linguoermechanic/reels/,2026-07-27,remaining,2156,,,,
2090565511474922,https://www.facebook.com/reel/2090565511474922/,https://www.facebook.com/linguoermechanic/reels/,2026-07-27,remaining,2157,,,,
1198786401468008,https://www.facebook.com/reel/1198786401468008/,https://www.facebook.com/linguoermechanic/reels/,2026-07-27,remaining,2158,,,,
4358160347736475,https://www.facebook.com/reel/4358160347736475/,https://www.facebook.com/profile.php?id=61585812725679&sk=reels_tab,2026-07-27,remaining,2159,,,,
249909547892240,https://www.facebook.com/reel/249909547892240/,https://www.facebook.com/linguoermechanic/reels/,2026-07-27,remaining,2160,,,,
1769087710614988,https://www.facebook.com/reel/1769087710614988/,https://www.facebook.com/linguoermechanic/reels/,2026-07-27,remaining,2161,,,,
1574589919759794,https://www.facebook.com/reel/1574589919759794/,https://www.facebook.com/linguoermechanic/reels/,2026-07-27,remaining,2162,,,,
704867215338450,https://www.facebook.com/reel/704867215338450/,https://www.facebook.com/linguoermechanic/reels/,2026-07-27,remaining,2163,,,,
970460601568056,https://www.facebook.com/reel/970460601568056/,https://www.facebook.com/linguoermechanic/reels/,2026-07-27,remaining,2164,,,,
151774547577006,https://www.facebook.com/reel/151774547577006/,https://www.facebook.com/linguoermechanic/reels/,2026-07-27,remaining,2165,,,,
1245312327239124,https://www.facebook.com/reel/1245312327239124/,https://www.facebook.com/linguoermechanic/reels/,2026-07-27,remaining,2166,,,,
698900025573223,https://www.facebook.com/reel/698900025573223/,https://www.facebook.com/linguoermechanic/reels/,2026-07-27,remaining,2167,,,,
1148338446918150,https://www.facebook.com/reel/1148338446918150/,https://www.facebook.com/linguoermechanic/reels/,2026-07-27,remaining,2168,,,,
1417311819072200,https://www.facebook.com/reel/1417311819072200/,https://web.facebook.com/TheFabrikRestoration/reels/,2026-08-08,remaining,2169,,,,
1125872105514806,https://www.facebook.com/reel/1125872105514806/,https://www.facebook.com/linguoermechanic/reels/,2026-07-27,remaining,2170,,,,
568426539082209,https://www.facebook.com/reel/568426539082209/,https://www.facebook.com/linguoermechanic/reels/,2026-07-27,remaining,2171,,,,
1052783886552816,https://www.facebook.com/reel/1052783886552816/,https://web.facebook.com/TheFabrikRestoration/reels/,2026-08-08,remaining,2172,,,,
890963071919641,https://www.facebook.com/reel/890963071919641/,https://web.facebook.com/TheFabrikRestoration/reels/,2026-08-08,remaining,2173,,,,
1520023696232926,https://www.facebook.com/reel/1520023696232926/,https://www.facebook.com/profile.php?id=61585812725679&sk=reels_tab,2026-07-27,remaining,2174,,,,
4207741539443238,https://www.facebook.com/reel/4207741539443238/,https://www.facebook.com/profile.php?id=61585812725679&sk=reels_tab,2026-07-27,remaining,2175,,,,
988695520794645,https://www.facebook.com/reel/988695520794645/,https://www.facebook.com/profile.php?id=61585812725679&sk=reels_tab,2026-07-27,remaining,2176,,,,
4740836289475449,https://www.facebook.com/reel/4740836289475449/,https://web.facebook.com/TheFabrikRestoration/reels/,2026-08-08,remaining,2177,,,,
2215391792327006,https://www.facebook.com/reel/2215391792327006/,https://www.facebook.com/linguoermechanic/reels/,2026-07-27,remaining,2178,,,,
24274051875520534,https://www.facebook.com/reel/24274051875520534/,https://www.facebook.com/linguoermechanic/reels/,2026-07-27,remaining,2179,,,,
1772056590831023,https://www.facebook.com/reel/1772056590831023/,https://www.facebook.com/profile.php?id=61585812725679&sk=reels_tab,2026-07-27,remaining,2180,,,,
1352501255504310,https://www.facebook.com/reel/1352501255504310/,https://www.facebook.com/linguoermechanic/reels/,2026-07-27,remaining,2181,,,,
777639928339378,https://www.facebook.com/reel/777639928339378/,https://www.facebook.com/linguoermechanic/reels/,2026-07-27,remaining,2182,,,,
282096867841411,https://www.facebook.com/reel/282096867841411/,https://www.facebook.com/linguoermechanic/reels/,2026-07-27,remaining,2183,,,,
2121772491736612,https://www.facebook.com/reel/2121772491736612/,https://www.facebook.com/profile.php?id=61585812725679&sk=reels_tab,2026-07-27,remaining,2184,,,,
850398391275284,https://www.facebook.com/reel/850398391275284/,https://www.facebook.com/profile.php?id=61585812725679&sk=reels_tab,2026-07-27,remaining,2185,,,,
1328046658802341,https://www.facebook.com/reel/1328046658802341/,https://www.facebook.com/linguoermechanic/reels/,2026-07-27,remaining,2186,,,,
642855657628519,https://www.facebook.com/reel/642855657628519/,https://www.facebook.com/linguoermechanic/reels/,2026-07-27,remaining,2187,,,,
2386139365229550,https://www.facebook.com/reel/2386139365229550/,https://www.facebook.com/profile.php?id=61585812725679&sk=reels_tab,2026-07-27,remaining,2188,,,,
1046355023431840,https://www.facebook.com/reel/1046355023431840/,https://www.facebook.com/linguoermechanic/reels/,2026-07-27,remaining,2189,,,,
4258720094367082,https://www.facebook.com/reel/4258720094367082/,https://www.facebook.com/profile.php?id=61585812725679&sk=reels_tab,2026-07-27,remaining,2190,,,,
3928769927257672,https://www.facebook.com/reel/3928769927257672/,https://www.facebook.com/profile.php?id=61585812725679&sk=reels_tab,2026-07-27,remaining,2191,,,,
27247671124824990,https://www.facebook.com/reel/27247671124824990/,https://www.facebook.com/profile.php?id=61585812725679&sk=reels_tab,2026-07-27,remaining,2192,,,,
733381769688946,https://www.facebook.com/reel/733381769688946/,https://www.facebook.com/linguoermechanic/reels/,2026-07-27,remaining,2193,,,,
1105093561922216,https://www.facebook.com/reel/1105093561922216/,https://www.facebook.com/profile.php?id=61585812725679&sk=reels_tab,2026-07-27,remaining,2194,,,,
1480174463501005,https://www.facebook.com/reel/1480174463501005/,https://www.facebook.com/profile.php?id=61585812725679&sk=reels_tab,2026-07-27,remaining,2195,,,,
702323721356435,https://www.facebook.com/reel/702323721356435/,https://www.facebook.com/linguoermechanic/reels/,2026-07-27,remaining,2196,,,,
2787199068090905,https://www.facebook.com/reel/2787199068090905/,https://www.facebook.com/linguoermechanic/reels/,2026-07-27,remaining,2197,,,,
986417422055523,https://www.facebook.com/reel/986417422055523/,https://www.facebook.com/linguoermechanic/reels/,2026-07-27,remaining,2198,,,,
1533611834322856,https://www.facebook.com/reel/1533611834322856/,https://www.facebook.com/linguoermechanic/reels/,2026-07-27,remaining,2199,,,,
894907952541261,https://www.facebook.com/reel/894907952541261/,https://web.facebook.com/TheFabrikRestoration/reels/,2026-08-08,remaining,2200,,,,
635254748875914,https://www.facebook.com/reel/635254748875914/,https://www.facebook.com/linguoermechanic/reels/,2026-07-27,remaining,2201,,,,
1611040656856474,https://www.facebook.com/reel/1611040656856474/,https://www.facebook.com/profile.php?id=61585812725679&sk=reels_tab,2026-07-27,remaining,2202,,,,
1655084635398774,https://www.facebook.com/reel/1655084635398774/,https://www.facebook.com/linguoermechanic/reels/,2026-07-27,remaining,2203,,,,
4223768877934255,https://www.facebook.com/reel/4223768877934255/,https://www.facebook.com/profile.php?id=61585812725679&sk=reels_tab,2026-07-27,remaining,2204,,,,
946936888134233,https://www.facebook.com/reel/946936888134233/,https://web.facebook.com/TheFabrikRestoration/reels/,2026-08-08,remaining,2205,,,,
4049038182056511,https://www.facebook.com/reel/4049038182056511/,https://www.facebook.com/linguoermechanic/reels/,2026-07-27,remaining,2206,,,,
3210787372436633,https://www.facebook.com/reel/3210787372436633/,https://www.facebook.com/linguoermechanic/reels/,2026-07-27,remaining,2207,,,,
28414701768119521,https://www.facebook.com/reel/28414701768119521/,https://www.facebook.com/linguoermechanic/reels/,2026-07-27,remaining,2208,,,,
971535750816186,https://www.facebook.com/reel/971535750816186/,https://www.facebook.com/linguoermechanic/reels/,2026-07-27,remaining,2209,,,,
1058230199724303,https://www.facebook.com/reel/1058230199724303/,https://www.facebook.com/linguoermechanic/reels/,2026-07-27,remaining,2210,,,,
395077626005710,https://www.facebook.com/reel/395077626005710/,https://www.facebook.com/linguoermechanic/reels/,2026-07-27,remaining,2211,,,,
1438326966608053,https://www.facebook.com/reel/1438326966608053/,https://web.facebook.com/TheFabrikRestoration/reels/,2026-08-08,remaining,2212,,,,
895011045731252,https://www.facebook.com/reel/895011045731252/,https://www.facebook.com/linguoermechanic/reels/,2026-07-27,remaining,2213,,,,
139874652152212,https://www.facebook.com/reel/139874652152212/,https://www.facebook.com/linguoermechanic/reels/,2026-07-27,remaining,2214,,,,
566784111517352,https://www.facebook.com/reel/566784111517352/,https://www.facebook.com/linguoermechanic/reels/,2026-07-27,remaining,2215,,,,
685218750573868,https://www.facebook.com/reel/685218750573868/,https://www.facebook.com/linguoermechanic/reels/,2026-07-27,remaining,2216,,,,
1017649321064212,https://www.facebook.com/reel/1017649321064212/,https://www.facebook.com/profile.php?id=61585812725679&sk=reels_tab,2026-07-27,remaining,2217,,,,
1568596373940794,https://www.facebook.com/reel/1568596373940794/,https://www.facebook.com/linguoermechanic/reels/,2026-07-27,remaining,2218,,,,
866867948616395,https://www.facebook.com/reel/866867948616395/,https://www.facebook.com/linguoermechanic/reels/,2026-07-27,remaining,2219,,,,
631872516322797,https://www.facebook.com/reel/631872516322797/,https://www.facebook.com/linguoermechanic/reels/,2026-07-27,remaining,2220,,,,
1422155675001475,https://www.facebook.com/reel/1422155675001475/,https://www.facebook.com/linguoermechanic/reels/,2026-07-27,remaining,2221,,,,
1070970358829481,https://www.facebook.com/reel/1070970358829481/,https://www.facebook.com/profile.php?id=61585812725679&sk=reels_tab,2026-07-27,remaining,2222,,,,
1143988636151185,https://www.facebook.com/reel/1143988636151185/,https://www.facebook.com/linguoermechanic/reels/,2026-07-27,remaining,2223,,,,
731506654831694,https://www.facebook.com/reel/731506654831694/,https://web.facebook.com/TheFabrikRestoration/reels/,2026-08-08,remaining,2224,,,,
2187738224984536,https://www.facebook.com/reel/2187738224984536/,https://www.facebook.com/linguoermechanic/reels/,2026-07-27,remaining,2225,,,,
939511947416700,https://www.facebook.com/reel/939511947416700/,https://www.facebook.com/linguoermechanic/reels/,2026-07-27,remaining,2226,,,,
1030648689506734,https://www.facebook.com/reel/1030648689506734/,https://www.facebook.com/profile.php?id=61585812725679&sk=reels_tab,2026-07-27,remaining,2227,,,,
1379494189885213,https://www.facebook.com/reel/1379494189885213/,https://www.facebook.com/linguoermechanic/reels/,2026-07-27,remaining,2228,,,,
1666074707889532,https://www.facebook.com/reel/1666074707889532/,https://web.facebook.com/TheFabrikRestoration/reels/,2026-08-08,remaining,2229,,,,
1473016780988300,https://www.facebook.com/reel/1473016780988300/,https://www.facebook.com/profile.php?id=61585812725679&sk=reels_tab,2026-07-27,remaining,2230,,,,
3273863756125190,https://www.facebook.com/reel/3273863756125190/,https://web.facebook.com/TheFabrikRestoration/reels/,2026-08-08,remaining,2231,,,,
1635662674024192,https://www.facebook.com/reel/1635662674024192/,https://web.facebook.com/TheFabrikRestoration/reels/,2026-08-08,remaining,2232,,,,
925525092211979,https://www.facebook.com/reel/925525092211979/,https://www.facebook.com/linguoermechanic/reels/,2026-07-27,remaining,2233,,,,
142596882259034,https://www.facebook.com/reel/142596882259034/,https://web.facebook.com/TheFabrikRestoration/reels/,2026-08-08,remaining,2234,,,,
1027769919835778,https://www.facebook.com/reel/1027769919835778/,https://www.facebook.com/profile.php?id=61585812725679&sk=reels_tab,2026-07-27,remaining,2235,,,,
1227974088587274,https://www.facebook.com/reel/1227974088587274/,https://www.facebook.com/linguoermechanic/reels/,2026-07-27,remaining,2236,,,,
3023674487836917,https://www.facebook.com/reel/3023674487836917/,https://www.facebook.com/profile.php?id=61585812725679&sk=reels_tab,2026-07-27,remaining,2237,,,,
1130866705562367,https://www.facebook.com/reel/1130866705562367/,https://www.facebook.com/linguoermechanic/reels/,2026-07-27,remaining,2238,,,,
1704064157082181,https://www.facebook.com/reel/1704064157082181/,https://www.facebook.com/linguoermechanic/reels/,2026-07-27,remaining,2239,,,,
1970330137030213,https://www.facebook.com/reel/1970330137030213/,https://web.facebook.com/TheFabrikRestoration/reels/,2026-08-08,remaining,2240,,,,
784759606262024,https://www.facebook.com/reel/784759606262024/,https://www.facebook.com/linguoermechanic/reels/,2026-07-27,remaining,2241,,,,
3443674215812499,https://www.facebook.com/reel/3443674215812499/,https://www.facebook.com/linguoermechanic/reels/,2026-07-27,remaining,2242,,,,
722877476911755,https://www.facebook.com/reel/722877476911755/,https://www.facebook.com/linguoermechanic/reels/,2026-07-27,remaining,2243,,,,
775858354581874,https://www.facebook.com/reel/775858354581874/,https://web.facebook.com/TheFabrikRestoration/reels/,2026-08-08,remaining,2244,,,,
702130114765047,https://www.facebook.com/reel/702130114765047/,https://www.facebook.com/linguoermechanic/reels/,2026-07-27,remaining,2245,,,,
754846876853109,https://www.facebook.com/reel/754846876853109/,https://www.facebook.com/linguoermechanic/reels/,2026-07-27,remaining,2246,,,,
1271694330073020,https://www.facebook.com/reel/1271694330073020/,https://www.facebook.com/linguoermechanic/reels/,2026-07-27,remaining,2247,,,,
3493092857647161,https://www.facebook.com/reel/3493092857647161/,https://www.facebook.com/linguoermechanic/reels/,2026-07-27,remaining,2248,,,,
4956689547891059,https://www.facebook.com/reel/4956689547891059/,https://www.facebook.com/linguoermechanic/reels/,2026-07-27,remaining,2249,,,,
2914306332211091,https://www.facebook.com/reel/2914306332211091/,https://www.facebook.com/linguoermechanic/reels/,2026-07-27,remaining,2250,,,,
844238528689563,https://www.facebook.com/reel/844238528689563/,https://www.facebook.com/linguoermechanic/reels/,2026-07-27,remaining,2251,,,,
1017772764512277,https://www.facebook.com/reel/1017772764512277/,https://www.facebook.com/profile.php?id=61585812725679&sk=reels_tab,2026-07-27,remaining,2252,,,,
650230520735160,https://www.facebook.com/reel/650230520735160/,https://www.facebook.com/linguoermechanic/reels/,2026-07-27,remaining,2253,,,,
899074182538720,https://www.facebook.com/reel/899074182538720/,https://www.facebook.com/profile.php?id=61585812725679&sk=reels_tab,2026-07-27,remaining,2254,,,,
9701595339925197,https://www.facebook.com/reel/9701595339925197/,https://www.facebook.com/linguoermechanic/reels/,2026-07-27,remaining,2255,,,,
966537762952789,https://www.facebook.com/reel/966537762952789/,https://www.facebook.com/profile.php?id=61585812725679&sk=reels_tab,2026-07-27,remaining,2256,,,,
819742872325199,https://www.facebook.com/reel/819742872325199/,https://www.facebook.com/linguoermechanic/reels/,2026-07-27,remaining,2257,,,,
2271412750056089,https://www.facebook.com/reel/2271412750056089/,https://web.facebook.com/TheFabrikRestoration/reels/,2026-08-08,remaining,2258,,,,
814667680262250,https://www.facebook.com/reel/814667680262250/,https://www.facebook.com/linguoermechanic/reels/,2026-07-27,remaining,2259,,,,
1422083928776984,https://www.facebook.com/reel/1422083928776984/,https://www.facebook.com/linguoermechanic/reels/,2026-07-27,remaining,2260,,,,
965652725964195,https://www.facebook.com/reel/965652725964195/,https://www.facebook.com/profile.php?id=61585812725679&sk=reels_tab,2026-07-27,remaining,2261,,,,
1001533542748202,https://www.facebook.com/reel/1001533542748202/,https://www.facebook.com/profile.php?id=61585812725679&sk=reels_tab,2026-07-27,remaining,2262,,,,
2064538654384952,https://www.facebook.com/reel/2064538654384952/,https://www.facebook.com/linguoermechanic/reels/,2026-07-27,remaining,2263,,,,
1599572254444824,https://www.facebook.com/reel/1599572254444824/,https://www.facebook.com/profile.php?id=61585812725679&sk=reels_tab,2026-07-27,remaining,2264,,,,
952349800340554,https://www.facebook.com/reel/952349800340554/,https://web.facebook.com/TheFabrikRestoration/reels/,2026-08-08,remaining,2265,,,,
2471606706360119,https://www.facebook.com/reel/2471606706360119/,https://www.facebook.com/linguoermechanic/reels/,2026-07-27,remaining,2266,,,,
1259678736317643,https://www.facebook.com/reel/1259678736317643/,https://www.facebook.com/profile.php?id=61585812725679&sk=reels_tab,2026-07-27,remaining,2267,,,,
1393076496116438,https://www.facebook.com/reel/1393076496116438/,https://web.facebook.com/TheFabrikRestoration/reels/,2026-08-08,remaining,2268,,,,
1843278412863601,https://www.facebook.com/reel/1843278412863601/,https://www.facebook.com/linguoermechanic/reels/,2026-07-27,remaining,2269,,,,
1107305137803371,https://www.facebook.com/reel/1107305137803371/,https://www.facebook.com/linguoermechanic/reels/,2026-07-27,remaining,2270,,,,
1389626928183078,https://www.facebook.com/reel/1389626928183078/,https://www.facebook.com/linguoermechanic/reels/,2026-07-27,remaining,2271,,,,
1268994675140957,https://www.facebook.com/reel/1268994675140957/,https://www.facebook.com/linguoermechanic/reels/,2026-07-27,remaining,2272,,,,
461904653569708,https://www.facebook.com/reel/461904653569708/,https://www.facebook.com/linguoermechanic/reels/,2026-07-27,remaining,2273,,,,
1756503152022841,https://www.facebook.com/reel/1756503152022841/,https://www.facebook.com/profile.php?id=61585812725679&sk=reels_tab,2026-07-27,remaining,2274,,,,
662033375517172,https://www.facebook.com/reel/662033375517172/,https://www.facebook.com/linguoermechanic/reels/,2026-07-27,remaining,2275,,,,
237350705959047,https://www.facebook.com/reel/237350705959047/,https://www.facebook.com/linguoermechanic/reels/,2026-07-27,remaining,2276,,,,
579843351382811,https://www.facebook.com/reel/579843351382811/,https://www.facebook.com/linguoermechanic/reels/,2026-07-27,remaining,2277,,,,
634742161737179,https://www.facebook.com/reel/634742161737179/,https://www.facebook.com/linguoermechanic/reels/,2026-07-27,remaining,2278,,,,
903027596137329,https://www.facebook.com/reel/903027596137329/,https://www.facebook.com/profile.php?id=61585812725679&sk=reels_tab,2026-07-27,remaining,2279,,,,
1213190759917845,https://www.facebook.com/reel/1213190759917845/,https://www.facebook.com/linguoermechanic/reels/,2026-07-27,remaining,2280,,,,
844829514764362,https://www.facebook.com/reel/844829514764362/,https://www.facebook.com/linguoermechanic/reels/,2026-07-27,remaining,2281,,,,
1795145188117773,https://www.facebook.com/reel/1795145188117773/,https://www.facebook.com/linguoermechanic/reels/,2026-07-27,remaining,2282,,,,
1553905078573712,https://www.facebook.com/reel/1553905078573712/,https://web.facebook.com/TheFabrikRestoration/reels/,2026-08-08,remaining,2283,,,,
1192301352361120,https://www.facebook.com/reel/1192301352361120/,https://www.facebook.com/linguoermechanic/reels/,2026-07-27,remaining,2284,,,,
359059623314191,https://www.facebook.com/reel/359059623314191/,https://web.facebook.com/TheFabrikRestoration/reels/,2026-08-08,remaining,2285,,,,
546928677084643,https://www.facebook.com/reel/546928677084643/,https://www.facebook.com/linguoermechanic/reels/,2026-07-27,remaining,2286,,,,
1578751146447745,https://www.facebook.com/reel/1578751146447745/,https://www.facebook.com/linguoermechanic/reels/,2026-07-27,remaining,2287,,,,
460564878903318,https://www.facebook.com/reel/460564878903318/,https://www.facebook.com/linguoermechanic/reels/,2026-07-27,remaining,2288,,,,
554079620759102,https://www.facebook.com/reel/554079620759102/,https://www.facebook.com/linguoermechanic/reels/,2026-07-27,remaining,2289,,,,
1334831454376257,https://www.facebook.com/reel/1334831454376257/,https://www.facebook.com/linguoermechanic/reels/,2026-07-27,remaining,2290,,,,
941529636849491,https://www.facebook.com/reel/941529636849491/,https://www.facebook.com/linguoermechanic/reels/,2026-07-27,remaining,2291,,,,
1291707046344333,https://www.facebook.com/reel/1291707046344333/,https://www.facebook.com/linguoermechanic/reels/,2026-07-27,remaining,2292,,,,
27008578882143304,https://www.facebook.com/reel/27008578882143304/,https://www.facebook.com/profile.php?id=61585812725679&sk=reels_tab,2026-07-27,remaining,2293,,,,
3407017952791378,https://www.facebook.com/reel/3407017952791378/,https://www.facebook.com/profile.php?id=61585812725679&sk=reels_tab,2026-07-27,remaining,2294,,,,
1019570933778284,https://www.facebook.com/reel/1019570933778284/,https://www.facebook.com/profile.php?id=61585812725679&sk=reels_tab,2026-07-27,remaining,2295,,,,
2491956677663436,https://www.facebook.com/reel/2491956677663436/,https://www.facebook.com/linguoermechanic/reels/,2026-07-27,remaining,2296,,,,
922317255850094,https://www.facebook.com/reel/922317255850094/,https://www.facebook.com/linguoermechanic/reels/,2026-07-27,remaining,2297,,,,
953476542612701,https://www.facebook.com/reel/953476542612701/,https://web.facebook.com/TheFabrikRestoration/reels/,2026-08-08,remaining,2298,,,,
1589984959362029,https://www.facebook.com/reel/1589984959362029/,https://www.facebook.com/linguoermechanic/reels/,2026-07-27,remaining,2299,,,,
1519886482845166,https://www.facebook.com/reel/1519886482845166/,https://www.facebook.com/profile.php?id=61585812725679&sk=reels_tab,2026-07-27,remaining,2300,,,,
935896028987062,https://www.facebook.com/reel/935896028987062/,https://www.facebook.com/linguoermechanic/reels/,2026-07-27,remaining,2301,,,,
1086801033291553,https://www.facebook.com/reel/1086801033291553/,https://www.facebook.com/linguoermechanic/reels/,2026-07-27,remaining,2302,,,,
1653225659135715,https://www.facebook.com/reel/1653225659135715/,https://www.facebook.com/profile.php?id=61585812725679&sk=reels_tab,2026-07-27,remaining,2303,,,,
1533354845052684,https://www.facebook.com/reel/1533354845052684/,https://web.facebook.com/TheFabrikRestoration/reels/,2026-08-08,remaining,2304,,,,
1034133452421163,https://www.facebook.com/reel/1034133452421163/,https://www.facebook.com/profile.php?id=61585812725679&sk=reels_tab,2026-07-27,remaining,2305,,,,
1548217889063768,https://www.facebook.com/reel/1548217889063768/,https://web.facebook.com/TheFabrikRestoration/reels/,2026-08-08,remaining,2306,,,,
1703777487280807,https://www.facebook.com/reel/1703777487280807/,https://www.facebook.com/linguoermechanic/reels/,2026-07-27,remaining,2307,,,,
528087850016134,https://www.facebook.com/reel/528087850016134/,https://www.facebook.com/linguoermechanic/reels/,2026-07-27,remaining,2308,,,,
1575173990316546,https://www.facebook.com/reel/1575173990316546/,https://www.facebook.com/linguoermechanic/reels/,2026-07-27,remaining,2309,,,,
528921786415695,https://www.facebook.com/reel/528921786415695/,https://www.facebook.com/linguoermechanic/reels/,2026-07-27,remaining,2310,,,,
961181229478111,https://www.facebook.com/reel/961181229478111/,https://web.facebook.com/TheFabrikRestoration/reels/,2026-08-08,remaining,2311,,,,
1396716064276836,https://www.facebook.com/reel/1396716064276836/,https://web.facebook.com/TheFabrikRestoration/reels/,2026-08-08,remaining,2312,,,,
1788028561917546,https://www.facebook.com/reel/1788028561917546/,https://web.facebook.com/TheFabrikRestoration/reels/,2026-08-08,remaining,2313,,,,
547550550328288,https://www.facebook.com/reel/547550550328288/,https://web.facebook.com/TheFabrikRestoration/reels/,2026-08-08,remaining,2314,,,,
1438945264674164,https://www.facebook.com/reel/1438945264674164/,https://www.facebook.com/profile.php?id=61585812725679&sk=reels_tab,2026-07-27,remaining,2315,,,,
746314865061905,https://www.facebook.com/reel/746314865061905/,https://www.facebook.com/linguoermechanic/reels/,2026-07-27,remaining,2316,,,,
1580099405743944,https://www.facebook.com/reel/1580099405743944/,https://www.facebook.com/linguoermechanic/reels/,2026-07-27,remaining,2317,,,,
1554394489159360,https://www.facebook.com/reel/1554394489159360/,https://www.facebook.com/profile.php?id=61585812725679&sk=reels_tab,2026-07-27,remaining,2318,,,,
2623948801357703,https://www.facebook.com/reel/2623948801357703/,https://www.facebook.com/profile.php?id=61585812725679&sk=reels_tab,2026-07-27,remaining,2319,,,,
2988057224826883,https://www.facebook.com/reel/2988057224826883/,https://www.facebook.com/linguoermechanic/reels/,2026-07-27,remaining,2320,,,,
645528631917305,https://www.facebook.com/reel/645528631917305/,https://www.facebook.com/linguoermechanic/reels/,2026-07-27,remaining,2321,,,,
950669299446706,https://www.facebook.com/reel/950669299446706/,https://www.facebook.com/linguoermechanic/reels/,2026-07-27,remaining,2322,,,,
1314225792747938,https://www.facebook.com/reel/1314225792747938/,https://www.facebook.com/linguoermechanic/reels/,2026-07-27,remaining,2323,,,,
2328799560837836,https://www.facebook.com/reel/2328799560837836/,https://www.facebook.com/linguoermechanic/reels/,2026-07-27,remaining,2324,,,,
2494245817577779,https://www.facebook.com/reel/2494245817577779/,https://www.facebook.com/linguoermechanic/reels/,2026-07-27,remaining,2325,,,,
759838112955748,https://www.facebook.com/reel/759838112955748/,https://www.facebook.com/linguoermechanic/reels/,2026-07-27,remaining,2326,,,,
969272747599742,https://www.facebook.com/reel/969272747599742/,https://web.facebook.com/TheFabrikRestoration/reels/,2026-08-08,remaining,2327,,,,
398352639187738,https://www.facebook.com/reel/398352639187738/,https://www.facebook.com/linguoermechanic/reels/,2026-07-27,remaining,2328,,,,
26240352535603598,https://www.facebook.com/reel/26240352535603598/,https://www.facebook.com/profile.php?id=61585812725679&sk=reels_tab,2026-07-27,remaining,2329,,,,
3815757602078522,https://www.facebook.com/reel/3815757602078522/,https://www.facebook.com/linguoermechanic/reels/,2026-07-27,remaining,2330,,,,
394934669696655,https://www.facebook.com/reel/394934669696655/,https://www.facebook.com/linguoermechanic/reels/,2026-07-27,remaining,2331,,,,
508530417921564,https://www.facebook.com/reel/508530417921564/,https://www.facebook.com/linguoermechanic/reels/,2026-07-27,remaining,2332,,,,
788008917268751,https://www.facebook.com/reel/788008917268751/,https://www.facebook.com/linguoermechanic/reels/,2026-07-27,remaining,2333,,,,
821987880626329,https://www.facebook.com/reel/821987880626329/,https://web.facebook.com/TheFabrikRestoration/reels/,2026-08-08,remaining,2334,,,,
1192208941980669,https://www.facebook.com/reel/1192208941980669/,https://www.facebook.com/linguoermechanic/reels/,2026-07-27,remaining,2335,,,,
1127769262384103,https://www.facebook.com/reel/1127769262384103/,https://www.facebook.com/linguoermechanic/reels/,2026-07-27,remaining,2336,,,,
1443857963649417,https://www.facebook.com/reel/1443857963649417/,https://www.facebook.com/linguoermechanic/reels/,2026-07-27,remaining,2337,,,,
972664691652244,https://www.facebook.com/reel/972664691652244/,https://www.facebook.com/linguoermechanic/reels/,2026-07-27,remaining,2338,,,,
806537594104723,https://www.facebook.com/reel/806537594104723/,https://www.facebook.com/linguoermechanic/reels/,2026-07-27,remaining,2339,,,,
